,album_name,album_id,artist_name,artist_id
0,Certified Lover Boy,spotify:album:3SpBlxme9WbeQdI9kx7KAV,Drake,spotify:artist:3TVXtAsR1Inumwj472S9r4
2,Dark Lane Demo Tapes,spotify:album:6OQ9gBfg5EXeNAEwGSs6jK,Drake,spotify:artist:3TVXtAsR1Inumwj472S9r4
3,=,spotify:album:32iAEBstCjauDhyKpGjTuq,Ed Sheeran,spotify:artist:6eUKZXaKkcviH0Ku9w2n3V
4,No.6 Collaborations Project,spotify:album:3oIFxDIo2fwuk4lwCmFZCx,Ed Sheeran,spotify:artist:6eUKZXaKkcviH0Ku9w2n3V
6,After Hours (Deluxe),spotify:album:6YlDIxqEjvY63ffH6AwCjd,The Weeknd,spotify:artist:1Xyo4u8uXC1ZmMpatF05PJ
8,After Hours,spotify:album:4yP0hdKOZPNshxUOjY0cZj,The Weeknd,spotify:artist:1Xyo4u8uXC1ZmMpatF05PJ
9,EL ÚLTIMO TOUR DEL MUNDO,spotify:album:2d9BCZeAAhiZWPpbX9aPCW,Bad Bunny,spotify:artist:4q3ewBCX7sLwd24euuV69X
10,LAS QUE NO IBAN A SALIR,spotify:album:4gvQO5mEuhbMSrLIuwXkmz,Bad Bunny,spotify:artist:4q3ewBCX7sLwd24euuV69X
11,YHLQMDLG,spotify:album:5lJqux7orBlA1QzyiBGti1,Bad Bunny,spotify:artist:4q3ewBCX7sLwd24euuV69X
15,F*CK LOVE 3+: OVER YOU,spotify:album:576UTio7xgY7YUxrHMzxeI,The Kid LAROI,spotify:artist:2tIP7SsRs7vjIcLrU85W8J
17,F*CK LOVE 3: OVER YOU,spotify:album:4bZJWQhHKJckFLJuYdvyX2,The Kid LAROI,spotify:artist:2tIP7SsRs7vjIcLrU85W8J
18,Hollywood's Bleeding,spotify:album:4g1ZRSobMefqF6nelkgibi,Post Malone,spotify:artist:246dkjvS1zLTtiykXe5h60
20,beerbongs & bentleys,spotify:album:6trNtQUgC8cgbWcqoMYkOR,Post Malone,spotify:artist:246dkjvS1zLTtiykXe5h60
21,Music To Be Murdered By - Side B (Deluxe Edition),spotify:album:3MKvhQoFSrR2PrxXXBHe9B,Eminem,spotify:artist:7dGJo4pcD2V6oG8kP0tJRR
23,Music To Be Murdered By,spotify:album:4otkd9As6YaxxEkIjXPiZ6,Eminem,spotify:artist:7dGJo4pcD2V6oG8kP0tJRR
24,Fearless (Taylor's Version),spotify:album:4hDok0OAJd57SGIT8xuWJH,Taylor Swift,spotify:artist:06HL4z0CvFAxyc27GXpf02
25,evermore (deluxe version),spotify:album:6AORtDjduMM3bupSWzbTSG,Taylor Swift,spotify:artist:06HL4z0CvFAxyc27GXpf02
27,Now Or Never,spotify:album:1BBjdKgGAqwdEvcvqBOGfT,Nio Garcia,spotify:artist:5hdhHgpxyniooUiQVaPxQ0
28,Darte,spotify:album:6rxYQOaGlInkQ2zM4zkhx6,Casper Magico,spotify:artist:1fux65HMCBvfJHqlBc4Nno
29,Moriste,spotify:album:40DfesSA6U2kaDfcR9Rzmg,Pusho,spotify:artist:2qbEtwBVyobgpNP5KcHE9J
30,Music Of The Spheres,spotify:album:06mXfvDsRZNfnsGZvX2zpb,Coldplay,spotify:artist:4gzpq5DPGxSnKTe4SA8HAU
31,Everyday Life,spotify:album:7z0efuBXAnPfu60aOL3QFV,Coldplay,spotify:artist:4gzpq5DPGxSnKTe4SA8HAU
33,Donda,spotify:album:5CnpZV3q5BcESefcB3WJmz,Kanye West,spotify:artist:5K4W6rqBFWDnAN6FQUkS6x
34,JESUS IS KING,spotify:album:0FgZKfoU2Br5sHOfvZKTI9,Kanye West,spotify:artist:5K4W6rqBFWDnAN6FQUkS6x
35,KIDS SEE GHOSTS,spotify:album:6pwuKxMUkNg673KETsXPUV,KIDS SEE GHOSTS,spotify:artist:2hPgGN4uhvXAxiXQBIXOmE
36,Happier Than Ever,spotify:album:0JGOiO34nwfUdDrD612dOp,Billie Eilish,spotify:artist:6qqNVTkY8uBg9cP3Jd7DAH
38,"WHEN WE ALL FALL ASLEEP, WHERE DO WE GO?",spotify:album:0S0KGZnfBGSIssfF54WSJh,Billie Eilish,spotify:artist:6qqNVTkY8uBg9cP3Jd7DAH
39,Timelezz,spotify:album:3AwzfcsXeljU7JkG5GQn8Y,Jhay Cortez,spotify:artist:0EFisYRi20PTADoJrifHrz
40,Famouz Reloaded,spotify:album:7gDjowB5fv1LkntmDVv0jT,Jhay Cortez,spotify:artist:0EFisYRi20PTADoJrifHrz
41,Famouz,spotify:album:1V9QpD8kjA2iHCElhFGvlo,Jhay Cortez,spotify:artist:0EFisYRi20PTADoJrifHrz
45,Bad Vibes Forever,spotify:album:3hn46RDrEmoi4XhLjgdNjZ,XXXTENTACION,spotify:artist:15UsOTVnJzReFVN1VCnxy4
47,? (Deluxe),spotify:album:2c6s84YTwR9cfncPmB9fNW,XXXTENTACION,spotify:artist:15UsOTVnJzReFVN1VCnxy4
48,Goodbye & Good Riddance (Anniversary Edition),spotify:album:7h6LprunlK3vhvDXQ2Qdqd,Juice WRLD,spotify:artist:4MCBfE4596Uoi2O4DtmEMz
50,Legends Never Die,spotify:album:6n9DKpOxwifT5hOXtgLZSL,Juice WRLD,spotify:artist:4MCBfE4596Uoi2O4DtmEMz
54,ANTI (Deluxe),spotify:album:4UlGauD7ROb3YbVOFMgW5u,Rihanna,spotify:artist:5pKCCKE2ajJHZ9KAiaK11H
56,ANTI,spotify:album:48i37aZTC1prDr4EcpQeEa,Rihanna,spotify:artist:5pKCCKE2ajJHZ9KAiaK11H
60,Mercury - Act 1,spotify:album:6DdU5f52hpc2gfeLjK374Y,Imagine Dragons,spotify:artist:53XhwfbYqKCa1cC15pYq2q
61,Origins (Deluxe),spotify:album:3JfSxDfmwS5OeHPwLSkrfr,Imagine Dragons,spotify:artist:53XhwfbYqKCa1cC15pYq2q
62,Evolve,spotify:album:33pt9HBdGlAbRGBHQgsZsU,Imagine Dragons,spotify:artist:53XhwfbYqKCa1cC15pYq2q
63,The Lockdown Sessions,spotify:album:7wHczdY0ek3FHnfVhk10om,Elton John,spotify:artist:3PhoLpVuITZKcymswpck5b
65,Jewel Box,spotify:album:2iYJtrayurslsdw7qswCNs,Elton John,spotify:artist:3PhoLpVuITZKcymswpck5b
66,JORDI (Deluxe),spotify:album:1pCA38N6MkLlthXtAOvZTU,Maroon 5,spotify:artist:04gDigrS5kc9YWfZHwBETP
68,Red Pill Blues + (Deluxe),spotify:album:3mAaCQNqRARBgzS3BFWwH0,Maroon 5,spotify:artist:04gDigrS5kc9YWfZHwBETP
69,Wonder (Deluxe),spotify:album:2sDPTkswUWDLtZYiOzubTe,Shawn Mendes,spotify:artist:7n2wHs1TKAczGzO7Dd2rGr
70,Wonder (Holiday Deluxe),spotify:album:01haNCctw4EUPl8xUHVhdl,Shawn Mendes,spotify:artist:7n2wHs1TKAczGzO7Dd2rGr
71,Wonder,spotify:album:3Lp4JKk2ZgNkybMRS3eZR5,Shawn Mendes,spotify:artist:7n2wHs1TKAczGzO7Dd2rGr
72,Church,spotify:album:3N6fadaHlhGxflLKYSDSoU,Galantis,spotify:artist:4sTQVOfp9vEMCemLw50sbu
73,The Aviary,spotify:album:7DNmxxEuJe19wNVrinaXx4,Galantis,spotify:artist:4sTQVOfp9vEMCemLw50sbu
74,Pharmacy,spotify:album:5iLpRq7zbCArBm2Gi0pRIw,Galantis,spotify:artist:4sTQVOfp9vEMCemLw50sbu
75,Funk Wav Bounces Vol.1,spotify:album:2HaqChIDc5go3qxVunBDK0,Calvin Harris,spotify:artist:7CajNmpbOovFoOoasH2HaY
77,Motion,spotify:album:5oMRPoOe5sTMdsqYLGJCwf,Calvin Harris,spotify:artist:7CajNmpbOovFoOoasH2HaY
81,Dear Evan Hansen (Original Motion Picture Soundtrack),spotify:album:0yURloAyqmXCjQ1rmX0ltA,Ben Platt,spotify:artist:6qGkLCMQkNGOJ079iEcC5k
82,Love Goes: Live at Abbey Road Studios,spotify:album:77jibxIYj4UGL2QAaN4j37,Sam Smith,spotify:artist:2wY79sveU1sp5g7SokKOiI
83,Love Goes,spotify:album:5XCBX16KNYsAe7V5hQV9mC,Sam Smith,spotify:artist:2wY79sveU1sp5g7SokKOiI
84,24K Magic,spotify:album:4PgleR09JVnm3zY1fW3XBA,Bruno Mars,spotify:artist:0du5cEVh5yTK9QJze8zA0C
85,Unorthodox Jukebox (Deluxe Edition),spotify:album:4w6KUt7eyD4paTTNctylCS,Bruno Mars,spotify:artist:0du5cEVh5yTK9QJze8zA0C
86,Unorthodox Jukebox,spotify:album:7KBjLhk3IM27k3ry4vBk3i,Bruno Mars,spotify:artist:0du5cEVh5yTK9QJze8zA0C
87,‘The ReVe Festival’ Finale,spotify:album:3rVtm00UfbuzWOewdm4iYM,Red Velvet,spotify:artist:1z4g3DjTBBZKhvAroFlhOM
88,Summer Magic - Summer Mini Album,spotify:album:5zWa1ZEUBctbKqvwXbFawo,Red Velvet,spotify:artist:1z4g3DjTBBZKhvAroFlhOM
89,The Perfect Red Velvet - The 2nd Album Repackage,spotify:album:0OkJThJls8FO1lutMzMDJ0,Red Velvet,spotify:artist:1z4g3DjTBBZKhvAroFlhOM
90,The Melodic Blue,spotify:album:7n23fjZTviIUnHyvZGQjni,Baby Keem,spotify:artist:5SXuuuRpukkTvsLuUknva1
92,DIE FOR MY BITCH,spotify:album:7Cw4LObzgnVqSlkuIyywtI,Baby Keem,spotify:artist:5SXuuuRpukkTvsLuUknva1
93,World War Joy (Japan Edition),spotify:album:3cbcpRK1paF6lAxd16cmIE,The Chainsmokers,spotify:artist:69GGBxA162lTqCwzJG5jLp
94,World War Joy,spotify:album:01GR4NL5O5CZM51k0aejKD,The Chainsmokers,spotify:artist:69GGBxA162lTqCwzJG5jLp
95,Sick Boy (Special Edition),spotify:album:1AVNEke0ElkA1cekT0a1vO,The Chainsmokers,spotify:artist:69GGBxA162lTqCwzJG5jLp
96,The Lion King: The Gift [Deluxe Edition],spotify:album:7kUuNU2LRmr9XbwLHXU9UZ,Beyoncé,spotify:artist:6vWDO969PvNqNYHIOW5v0m
98,The Lion King: The Gift,spotify:album:552zi1M53PQAX5OH4FIdTx,Beyoncé,spotify:artist:6vWDO969PvNqNYHIOW5v0m
99,Slime & B,spotify:album:7fZKtzZAsfH0kzeTivu5TG,Chris Brown,spotify:artist:7bXgB6jMjp9ATFy66eO08Z
101,Indigo (Extended),spotify:album:3okhA6w5uau6ZNhnVpwVww,Chris Brown,spotify:artist:7bXgB6jMjp9ATFy66eO08Z
102,Made In The A.M. (Deluxe Edition),spotify:album:1gMxiQQSg5zeu4htBosASY,One Direction,spotify:artist:4AK6F7OLvEQ5QYCBNiQWHq
103,FOUR (Deluxe),spotify:album:4gCNyS7pidfK3rKWhB3JOY,One Direction,spotify:artist:4AK6F7OLvEQ5QYCBNiQWHq
104,Midnight Memories (Deluxe),spotify:album:7p1fX8aUySrBdx4WSYspOu,One Direction,spotify:artist:4AK6F7OLvEQ5QYCBNiQWHq
108,My House,spotify:album:01q5k781PdqqKUWFizFjjh,Flo Rida,spotify:artist:0jnsk9HBra6NMjO2oANoPY
111,FOR CERTAIN (Deluxe),spotify:album:76j8Cihag4ps0oykYSo0Bc,BIA,spotify:artist:6veh5zbFpm31XsPdjBgPER
113,FOR CERTAIN,spotify:album:5B857SgrQIAmcJGj0sFOSg,BIA,spotify:artist:6veh5zbFpm31XsPdjBgPER
114,Love For Sale (Deluxe),spotify:album:6hBQkPnq5u1BwZncSEDEgs,Tony Bennett,spotify:artist:2lolQgalUvZDfp5vvVtTYV
115,Dawn Of Chromatica,spotify:album:3OevODyllQCrhudfLLnV3y,Lady Gaga,spotify:artist:1HY2Jd0NmPuamShAr6KMms
116,BORN THIS WAY THE TENTH ANNIVERSARY,spotify:album:6Yf9kML4wT3opmXhTUIfk7,Lady Gaga,spotify:artist:1HY2Jd0NmPuamShAr6KMms
123,The Off-Season,spotify:album:4JAvwK4APPArjIsOdGoJXX,J. Cole,spotify:artist:6l3HvQ5sa6mXTsMTB19rO5
125,Revenge Of The Dreamers III: Director's Cut,spotify:album:5PerfGh9Smd6XjwkxpmL4V,Dreamville,spotify:artist:1iNqsUDUraNWrj00bqssQG
129,Let It Be (Super Deluxe),spotify:album:1BdxbYp1FaNejpDgtDo25V,The Beatles,spotify:artist:3WrFJ7ztbogyGnTHbHJFl2
130,Abbey Road (Super Deluxe Edition),spotify:album:5iT3F2EhjVQVrO4PKhsP8c,The Beatles,spotify:artist:3WrFJ7ztbogyGnTHbHJFl2
131,The Beatles,spotify:album:1WMVvswNzB9i2UMh9svso5,The Beatles,spotify:artist:3WrFJ7ztbogyGnTHbHJFl2
132,#7DJ (7 Días En Jamaica),spotify:album:7vZC8PTQUCcw3687OxqY98,Maluma,spotify:artist:1r4hJ1h58CWwUQe3MxPuau
133,PAPI JUANCHO,spotify:album:0p2yf6DucEgvj8Uk8KXJJv,Maluma,spotify:artist:1r4hJ1h58CWwUQe3MxPuau
134,11:11,spotify:album:3YIUNL7qFE8NP3X3zaYSND,Maluma,spotify:artist:1r4hJ1h58CWwUQe3MxPuau
135,Scaled And Icy,spotify:album:0Q5XBpCYFgUWiG9DUWyAmJ,Twenty One Pilots,spotify:artist:3YQKmKGau1PzlVlkL1iodx
136,Trench,spotify:album:621cXqrTSSJi1WqDMSLmbL,Twenty One Pilots,spotify:artist:3YQKmKGau1PzlVlkL1iodx
137,Blurryface,spotify:album:3cQO7jp5S9qLBoIVtbkSM1,Twenty One Pilots,spotify:artist:3YQKmKGau1PzlVlkL1iodx
138,Golden Hour,spotify:album:7tcs1X9pzFvcLOPuhCstQJ,Kygo,spotify:artist:23fqKkggKUBHNkbKtXEls4
139,Kids in Love (Remixes),spotify:album:7LbyVLGeEWZYOUKCecv3gI,Kygo,spotify:artist:23fqKkggKUBHNkbKtXEls4
140,Kids in Love,spotify:album:47oyrKaeobswT4T8zyaxdM,Kygo,spotify:artist:23fqKkggKUBHNkbKtXEls4
141,Shockwave,spotify:album:0PdM3OAjaIYDem5nJ7Rz5n,Marshmello,spotify:artist:64KEffDW9EtZ1y2vBYgq8T
144,Hybrid Theory (20th Anniversary Edition),spotify:album:28DUZ0itKISf2sr6hlseMy,Linkin Park,spotify:artist:6XyY86QOPPrYVGvF9ch6wz
145,One More Light Live,spotify:album:0zcNtUZ2oEpRmiDuWBFvcX,Linkin Park,spotify:artist:6XyY86QOPPrYVGvF9ch6wz
147,TIM,spotify:album:6Ad1E9vl75ZB3Ir87zwXIJ,Avicii,spotify:artist:1vCWHaC5f2uS3yhpwWbIA6
148,Stories,spotify:album:5agaGRpUmK9tbmwJRERHtT,Avicii,spotify:artist:1vCWHaC5f2uS3yhpwWbIA6
150,Pluto x Baby Pluto (Deluxe),spotify:album:3aITAVBURujVe8fhI2seeR,Future,spotify:artist:1RyvyyTE3xzB2ZywiAwp0i
151,Pluto x Baby Pluto,spotify:album:48xpWR8K6CGpy3ETAym3pt,Future,spotify:artist:1RyvyyTE3xzB2ZywiAwp0i
153,Smile,spotify:album:47zMF6LrXQ8odi6Xv1unC0,Katy Perry,spotify:artist:6jJ0s89eD6GaHleKKya26X
155,Witness (Deluxe),spotify:album:0UlbGi4oAth8s6rwaGSU8Z,Katy Perry,spotify:artist:6jJ0s89eD6GaHleKKya26X
156,25,spotify:album:3AvPX1B1HiFROvYjLb5Qwi,Adele,spotify:artist:4dpARuHxo51G3z768sgnrY
158,21,spotify:album:2DAh6Er0J8AxZDu6W1pjAW,Adele,spotify:artist:4dpARuHxo51G3z768sgnrY
159,Romance,spotify:album:3Vsbl0diFGw8HNSjG8ue9m,Camila Cabello,spotify:artist:4nDoRrQiYLoBzwC5BhVJzF
161,Camila,spotify:album:2vD3zSQr8hNlg0obNel4TE,Camila Cabello,spotify:artist:4nDoRrQiYLoBzwC5BhVJzF
162,La 167,spotify:album:0T6QxdJZwYrXPHd829SnqK,Farruko,spotify:artist:329e4yvIujISKGKz1BZZbO
163,En Letra de Otro,spotify:album:4lsdX5CimNaabkZUxX6rx8,Farruko,spotify:artist:329e4yvIujISKGKz1BZZbO
164,Gangalee,spotify:album:1PgFsarDcIwCvLX32DpcxB,Farruko,spotify:artist:329e4yvIujISKGKz1BZZbO
165,Blue Banisters,spotify:album:2wwCc6fcyhp1tfY3J6Javr,Lana Del Rey,spotify:artist:00FQb4jTyendYWaN8pK0wa
166,Chemtrails Over The Country Club,spotify:album:6QeosPQpJckkW0Obir5RT8,Lana Del Rey,spotify:artist:00FQb4jTyendYWaN8pK0wa
167,Norman Fucking Rockwell!,spotify:album:5XpEKORZ4y6OrCZSKsi46A,Lana Del Rey,spotify:artist:00FQb4jTyendYWaN8pK0wa
168,Jason Derulo (10th Anniversary Deluxe),spotify:album:1mbNqu5D67Ry2N9aJFMxTj,Jason Derulo,spotify:artist:07YZf4WDAMNwqr4jfgOZ8y
169,Everything Is 4,spotify:album:5YUCuqfW8rTkGCswfkDrPy,Jason Derulo,spotify:artist:07YZf4WDAMNwqr4jfgOZ8y
171,The Getaway,spotify:album:43otFXrY0bgaq5fB3GrZj6,Red Hot Chili Peppers,spotify:artist:0L8ExT028jH3ddEcZwqJJ5
172,I'm with You,spotify:album:5wZtSIvijWCMc1vlPFqAyB,Red Hot Chili Peppers,spotify:artist:0L8ExT028jH3ddEcZwqJJ5
173,Stadium Arcadium,spotify:album:7xl50xr9NDkd3i2kBbzsNZ,Red Hot Chili Peppers,spotify:artist:0L8ExT028jH3ddEcZwqJJ5
174,Unfollow,spotify:album:7kZP9XNkAgcKMqhXWZG4PB,Duki,spotify:artist:1bAftSH8umNcGZ0uyV7LMg
175,"Ptazeta: Bzrp Music Sessions, Vol. 45",spotify:album:6lY3u461PHRz0PsO4KwzWU,Bizarrap,spotify:artist:716NhGYqD1jl2wI1Qkgq36
176,"MHD: Bzrp Music Sessions, Vol. 44",spotify:album:2r7IVQiJULrFYTN195Dtwo,Bizarrap,spotify:artist:716NhGYqD1jl2wI1Qkgq36
177,tm06 toxic,spotify:album:68eb6W0PT8nOUqQOXQHNJS,Savage Ga$p,spotify:artist:0x7qiZJaal6j8qS7yCydFk
178,DANCE!,spotify:album:3dlb9Ln4sYzsJEppql4uy4,1nonly,spotify:artist:3ZHU5AKrUmIPnCFfr82QER
179,Goth Bitch,spotify:album:1VviGvE0SEU27OdfONdiQt,1nonly,spotify:artist:3ZHU5AKrUmIPnCFfr82QER
180,Live at the Royal Albert Hall,spotify:album:7Heaa0B4KOxdWhSICTR2wE,Arctic Monkeys,spotify:artist:7Ln80lUS6He07XvHI8qqHH
181,Tranquility Base Hotel & Casino,spotify:album:1jeMiSeSnNS0Oys375qegp,Arctic Monkeys,spotify:artist:7Ln80lUS6He07XvHI8qqHH
183,Dancing With The Devil…The Art of Starting Over (Deluxe Edition),spotify:album:2zbfishc70HpcgMu8ymtri,Demi Lovato,spotify:artist:6S2OmqARrzebs0tKUEyXyp
184,Dancing With The Devil…The Art of Starting Over,spotify:album:7LEb5SYZrXiB8NDj2oYvOd,Demi Lovato,spotify:artist:6S2OmqARrzebs0tKUEyXyp
186,The Martin Garrix Experience,spotify:album:3UwcZ5menPSCTvdxyYgxZj,Martin Garrix,spotify:artist:60d24wfXkVzDSfLS6hyCjZ
187,Diamonds,spotify:album:3P5KroUlTCQ6ZGViQpCixc,Martin Garrix,spotify:artist:60d24wfXkVzDSfLS6hyCjZ
188,Followers,spotify:album:3YRKOtLYysmk04YlzvpnU3,AREA21,spotify:artist:76YIoWHp3Ri3q1ocOPtFzp
189,These Things Happen Too (Deluxe),spotify:album:2uGyQQS82uzaTXSBe2bs4A,G-Eazy,spotify:artist:02kJSzxNuaWGqwubyUba0Z
190,These Things Happen Too,spotify:album:4j7Y3vNhgBBRAujJl85UDk,G-Eazy,spotify:artist:02kJSzxNuaWGqwubyUba0Z
191,The Beautiful & Damned (Deluxe Edition),spotify:album:3MH4gUVIghBW3W6Jr3aWh9,G-Eazy,spotify:artist:02kJSzxNuaWGqwubyUba0Z
192,Plastic Hearts,spotify:album:5BRhg6NSEZOj0BR6Iz56fR,Miley Cyrus,spotify:artist:5YGY8feqx7naU7z4HrwZM6
194,Younger Now,spotify:album:5xG9gJcs9ut3qDWezHUlsX,Miley Cyrus,spotify:artist:5YGY8feqx7naU7z4HrwZM6
195,Music Is The Weapon (Remixes),spotify:album:2OBCjQHamuBhnDjUAnWjro,Major Lazer,spotify:artist:738wLrAtLtCtFOLvQBXOXp
196,Music Is the Weapon (Remixes),spotify:album:3ZveBbPoIqrKjMDFm61ntJ,Major Lazer,spotify:artist:738wLrAtLtCtFOLvQBXOXp
198,Human (Deluxe),spotify:album:0SrskI3mHcu5MzKeZNv2f6,OneRepublic,spotify:artist:5Pwc4xIPtQLFEnJriah9YJ
199,CLOUDS (Music From The Disney+ Original Movie),spotify:album:6wxPYC9LuoJCtKtFw4UDgf,OneRepublic,spotify:artist:5Pwc4xIPtQLFEnJriah9YJ
200,Oh My My,spotify:album:3sABlBpkGohgVYOVN23q8m,OneRepublic,spotify:artist:5Pwc4xIPtQLFEnJriah9YJ
201,Scream,spotify:album:2X8UOIkZQdcz2Hi5Ynt2uk,Michael Jackson,spotify:artist:3fMbdgg4jU18AjLCKBhRSm
202,XSCAPE,spotify:album:5sXEWtPp2JZG88ji9bLmwZ,Michael Jackson,spotify:artist:3fMbdgg4jU18AjLCKBhRSm
204,Pray for the Wicked,spotify:album:6ApYSpXF8GxZAgBTHDzYge,Panic! At The Disco,spotify:artist:20JZFwl6HVl6yg8a4H3ZqK
205,All My Friends We're Glorious: Death of a Bachelor Tour Live,spotify:album:2VnKzCESTePshnbUALlDt2,Panic! At The Disco,spotify:artist:20JZFwl6HVl6yg8a4H3ZqK
206,Death of a Bachelor,spotify:album:6twKQ0EsUJHVlAr6XBylrj,Panic! At The Disco,spotify:artist:20JZFwl6HVl6yg8a4H3ZqK
207,VICE VERSA,spotify:album:5hKAQ3WuOJtaOW2a8hpIXY,Rauw Alejandro,spotify:artist:1mcTU81TzQhprhouKaTkpq
208,Afrodisíaco,spotify:album:3fq06DDIkadDRB9RuBb22v,Rauw Alejandro,spotify:artist:1mcTU81TzQhprhouKaTkpq
209,Concierto Virtual en Tiempos de COVID-19 Desde el Coliseo de Puerto Rico,spotify:album:0i9MBa4hxPQcGqcOn5YSOz,Rauw Alejandro,spotify:artist:1mcTU81TzQhprhouKaTkpq
210,Libertad 548,spotify:album:6nCJAxRvXmPkPiZo8Vh5ZG,Pitbull,spotify:artist:0TnOYISbd1XYRBk9myaseg
211,Gotti (Original Motion Picture Soundtrack),spotify:album:6ZSNnOY2ESMNoVQ5DdvHrj,Pitbull,spotify:artist:0TnOYISbd1XYRBk9myaseg
212,Sunbeam (feat. Pitbull),spotify:album:39xouyYx1aPKQgdglf0NJF,Stephen Oaks,spotify:artist:3VXwGdv0OXpHOg5rXtgso1
213,Brightest Blue,spotify:album:5EnCmhahbIADlTDZJUqzYh,Ellie Goulding,spotify:artist:0X2BH1fck6amBIoJhDVmmJ
216,Fine Line,spotify:album:7xV2TzoaVc0ycW7fwBwAml,Harry Styles,spotify:artist:6KImCVD70vtIoJWnq6nGn3
217,Harry Styles,spotify:album:1FZKIm3JVDCxTchXDo5jOV,Harry Styles,spotify:artist:6KImCVD70vtIoJWnq6nGn3
218,Adore You,spotify:album:5SL9nXZYZZl68bHwaM8uLa,Harry Styles,spotify:artist:6KImCVD70vtIoJWnq6nGn3
219,Cuz I Love You (Deluxe),spotify:album:74gSdSHe71q7urGWMMn3qB,Lizzo,spotify:artist:56oDRnqbIiwx4mymNEv7dS
220,Cuz I Love You (Super Deluxe),spotify:album:2KJjOBX280F3hZZE1xO33O,Lizzo,spotify:artist:56oDRnqbIiwx4mymNEv7dS
221,Cuz I Love You,spotify:album:6dFFcYQ8VhifgdKgYY5LYL,Lizzo,spotify:artist:56oDRnqbIiwx4mymNEv7dS
222,Rolling Papers (Deluxe 10 Year Anniversary Edition),spotify:album:22rKa9MG4cHIRxvL1Vbs0q,Wiz Khalifa,spotify:artist:137W8MRPWKqSmrBGDBFSop
223,The Saga of Wiz Khalifa (Deluxe),spotify:album:7GmwwE2wcNtyq7nlsrYVuD,Wiz Khalifa,spotify:artist:137W8MRPWKqSmrBGDBFSop
225,The London Sessions,spotify:album:6CIslPQSknp875cigkhKJC,Tiësto,spotify:artist:2o5jDhtHVPhrJdv3cEQ99Z
227,Together,spotify:album:0gEZcQnr9znzClpg2ts5qm,Tiësto,spotify:artist:2o5jDhtHVPhrJdv3cEQ99Z
228,BLAME IT ON BABY (DELUXE),spotify:album:6SL49HqoUwu2hhfukBAK3Q,DaBaby,spotify:artist:4r63FhuTkUYltbVAg5TQnk
230,BLAME IT ON BABY,spotify:album:623PL2MBg50Br5dLXC9E9e,DaBaby,spotify:artist:4r63FhuTkUYltbVAg5TQnk
234,FANTASÍA,spotify:album:5Zyj0zwOksGYLbLAZOaC31,Sebastian Yatra,spotify:artist:07YUOmWljBTXwIseAUd9TW
235,MANTRA,spotify:album:1l1zcI8iwJg4WCb7jxHtbN,Sebastian Yatra,spotify:artist:07YUOmWljBTXwIseAUd9TW
236,Tacones Rojos,spotify:album:4mdWMx4VouAqsIqgLt3R6S,Sebastian Yatra,spotify:artist:07YUOmWljBTXwIseAUd9TW
237,Future Nostalgia (The Moonlight Edition),spotify:album:71OpEL0ZAD5YpOFBFolErW,Dua Lipa,spotify:artist:6M2wZ9GZgrQXHCFfjv46we
240,Punk,spotify:album:7IKkHmEk4It4cRdOYanyvW,Young Thug,spotify:artist:50co4Is1HCEo8bhOyUWKpn
242,Slime Language 2 (Deluxe),spotify:album:3XADnbi4uhYXb7RuSJ7bre,Young Stoner Life,spotify:artist:1xr2G8Hlx4QWmT9HaUbmoO
243,Bobby Tarantino III,spotify:album:5gJDUpoOlZxxgk2SDsTa6h,Logic,spotify:artist:4xRYI6VqpkE3UwrDrAZL8L
245,YS Collection Vol. 1,spotify:album:3UTazkAlLS4ZmVbIgJentC,Logic,spotify:artist:4xRYI6VqpkE3UwrDrAZL8L
246,Perfect Ten,spotify:album:2WrNHOba5u6P9S9xEboaUy,Mustard,spotify:artist:0YinUQ50QDB7ZxSCLyQ40k
248,The Ghetto,spotify:album:5alhJcqITAVC4o6f8qGO0Z,Mustard,spotify:artist:0YinUQ50QDB7ZxSCLyQ40k
249,Live Fast (Japan Exclusive),spotify:album:1CLDNcfuwhl9KUrervfOQu,Alan Walker,spotify:artist:7vk5e3vY1uw9plTHJAMwjN
250,Different World,spotify:album:3nzuGtN3nXARvvecier4K0,Alan Walker,spotify:artist:7vk5e3vY1uw9plTHJAMwjN
252,Believers Never Die (Volume Two),spotify:album:2MlgtDuxXXz8c8Toc9kKTd,Fall Out Boy,spotify:artist:4UXqAaa6dQYAk18Lv7PEgX
254,MANIA,spotify:album:16xtTZvPH6PXcwSqYqJHHG,Fall Out Boy,spotify:artist:4UXqAaa6dQYAk18Lv7PEgX
258,Music Is The Weapon (Reloaded),spotify:album:40IcRv5uAg0lpafKsxnQ9g,Major Lazer,spotify:artist:738wLrAtLtCtFOLvQBXOXp
259,Diplo Presents Thomas Wesley: Snake Oil (Deluxe),spotify:album:6QkaLeuxTaYibek4fhwpmF,Diplo,spotify:artist:5fMUXHkw8R8eOP2RNVYEZX
260,Music is the Weapon,spotify:album:0xJyM0DFwty067hIBH5fql,Major Lazer,spotify:artist:738wLrAtLtCtFOLvQBXOXp
261,Sixtape 2,spotify:album:4B7vNl7Ud0csW77uXYeMGM,Blxst,spotify:artist:4qXC0i02bSFstECuXP2ZpL
262,No Love Lost (Deluxe),spotify:album:7AwrgenNcTAJlJF3pKL0Qr,Blxst,spotify:artist:4qXC0i02bSFstECuXP2ZpL
263,No Love Lost,spotify:album:0pwGvLOBpgIgFlrQVSRqh9,Blxst,spotify:artist:4qXC0i02bSFstECuXP2ZpL
264,Sob Rock,spotify:album:2JmfwvRDitJlTUoLCkp61z,John Mayer,spotify:artist:0hEurMDQu99nJRq8pTxO14
265,The Search for Everything,spotify:album:0jZFu2tihRJ65iYAo0oOtP,John Mayer,spotify:artist:0hEurMDQu99nJRq8pTxO14
266,Paradise Valley,spotify:album:712VoD72K500yLhhgqCyVe,John Mayer,spotify:artist:0hEurMDQu99nJRq8pTxO14
267,Metallica (Remastered Deluxe Box Set),spotify:album:7h5xn0Olvx2p0eQcSt1Osy,Metallica,spotify:artist:2ye2Wgw4gimLv2eAKyk1NB
268,Metallica (Remastered 2021),spotify:album:3dck2tBxGfxj9m3CguDgjb,Metallica,spotify:artist:2ye2Wgw4gimLv2eAKyk1NB
269,The Metallica Blacklist,spotify:album:7N32mF0BlA3BOhlSyCiHgf,Metallica,spotify:artist:2ye2Wgw4gimLv2eAKyk1NB
273,JOSE,spotify:album:11GmvpYnbgK0rSryPaV5BP,J Balvin,spotify:artist:1vyhD5VmyZ7KMfW5gqLgo5
274,Colores,spotify:album:2mX8ktJoWvyidWBU9U8Jis,J Balvin,spotify:artist:1vyhD5VmyZ7KMfW5gqLgo5
275,OASIS,spotify:album:6ylFfzx32ICw4L1A7YWNLN,J Balvin,spotify:artist:1vyhD5VmyZ7KMfW5gqLgo5
276,This Unruly Mess I've Made,spotify:album:2kqn09pydzvKvB3xWbAxY4,Macklemore,spotify:artist:3JhNCzhSMTxs9WLGJJxWOY
277,Nobody Is Listening,spotify:album:2yuQqhSklmfWgn8lmJNk5t,ZAYN,spotify:artist:5ZsFI1h6hIdQRw2ti0hz81
279,Icarus Falls,spotify:album:1DF9B2hfwX4EdgEFwGcRwh,ZAYN,spotify:artist:5ZsFI1h6hIdQRw2ti0hz81
280,Shang-Chi and The Legend of The Ten Rings: The Album,spotify:album:2kAqjStKcwlDD59H0llhGC,88rising,spotify:artist:1AhjOkOLkbHUfcHDSErXQs
281,Carte Blanche (Deluxe),spotify:album:7KUuqGouQJ7IgdGsB5PdMI,DJ Snake,spotify:artist:540vIaP2JwjQb9dm3aArA4
283,Faces,spotify:album:5SKnXCvB4fcGSZu32o3LRY,Mac Miller,spotify:artist:4LLpKhyESsyAXpc4laK94U
284,Circles (Deluxe),spotify:album:1YZ3k65Mqw3G8FzYlW1mmp,Mac Miller,spotify:artist:4LLpKhyESsyAXpc4laK94U
285,Circles,spotify:album:5sY6UIQ32GqwMLAfSNEaXb,Mac Miller,spotify:artist:4LLpKhyESsyAXpc4laK94U
286,~how i'm feeling~,spotify:album:6EgJXcGqaUvgZIF9bqPXfP,Lauv,spotify:artist:5JZ7CnR6gTvEMKX4g70Amv
287,~how i'm feeling~ (the extras),spotify:album:1J2s2YBN58niYSzgkvCIM7,Lauv,spotify:artist:5JZ7CnR6gTvEMKX4g70Amv
288,I met you when I was 18. (the playlist),spotify:album:7lqieLm717j9Z8JrG7POkS,Lauv,spotify:artist:5JZ7CnR6gTvEMKX4g70Amv
289,Planet Her (Deluxe),spotify:album:4XLPYMERZZaBzkJg0mkdvO,Doja Cat,spotify:artist:5cj0lLjcoR7YOSnhnX0Po5
291,Planet Her,spotify:album:1nAQbHeOWTfQzbOoFrvndW,Doja Cat,spotify:artist:5cj0lLjcoR7YOSnhnX0Po5
292,Faith (Deluxe),spotify:album:1n5t4LXCTAmiJmyMtbBxVU,Pop Smoke,spotify:artist:0eDvMgVFoNV3TpwtrVCoTj
294,Faith,spotify:album:2MlT9dGKoGH2hsfcz7UUXL,Pop Smoke,spotify:artist:0eDvMgVFoNV3TpwtrVCoTj
295,YOU,spotify:album:0cm9LOQUBK3JUgyoRj238z,James Arthur,spotify:artist:4IWBUUAFIplrNtaOHcJPRM
296,Back from the Edge (Japan Deluxe Edition),spotify:album:2t2593KG5IavSe8KYRpQjT,James Arthur,spotify:artist:4IWBUUAFIplrNtaOHcJPRM
297,Back from the Edge,spotify:album:281OVNHJsmCsyzrBJksB8d,James Arthur,spotify:artist:4IWBUUAFIplrNtaOHcJPRM
298,Stay +,spotify:album:5auUsyFbwRARoWkOFopQ12,Zedd,spotify:artist:2qxJFvFYMEDqd7ui6kSAcq
299,True Colors (Perfect Edition),spotify:album:2pNuka3J2N9rzaeSstLyCm,Zedd,spotify:artist:2qxJFvFYMEDqd7ui6kSAcq
300,True Colors,spotify:album:2oVrxRrHIRUTCA9HD9AZNo,Zedd,spotify:artist:2qxJFvFYMEDqd7ui6kSAcq
301,Confetti (Expanded Edition),spotify:album:0KDISpxSUWynoaqwEaEeX8,Little Mix,spotify:artist:3e7awlrlDSwF3iM0WBjGMp
302,Confetti,spotify:album:33a8Ha3pE7fo2o4T4xLabF,Little Mix,spotify:artist:3e7awlrlDSwF3iM0WBjGMp
303,LM5 (Deluxe),spotify:album:7Ho8gAx4haSxv1eFLQwvTj,Little Mix,spotify:artist:3e7awlrlDSwF3iM0WBjGMp
304,POWER UP,spotify:album:3bTNxJYk2bwdWBMtrjBxb0,AC/DC,spotify:artist:711MCceyCBcFnzjGY4Q7Un
305,Rock or Bust,spotify:album:6OwvO40ahugJE5PH4TjqTg,AC/DC,spotify:artist:711MCceyCBcFnzjGY4Q7Un
306,Live at River Plate,spotify:album:4H6JMsvxmh0U7VBYiWiyLa,AC/DC,spotify:artist:711MCceyCBcFnzjGY4Q7Un
307,EVERYBODY'S EVERYTHING,spotify:album:1r1Xt6oUnY3VMYbQb1U7CO,Lil Peep,spotify:artist:2kCcBybjl3SAtIcwdWpUe3
308,"Come Over When You're Sober, Pt. 2",spotify:album:52JymrguPgkmmwLaWIusst,Lil Peep,spotify:artist:2kCcBybjl3SAtIcwdWpUe3
309,"Come Over When You're Sober, Pt. 1",spotify:album:33TJ52PuwenGmysJrwMGCe,Lil Peep,spotify:artist:2kCcBybjl3SAtIcwdWpUe3
313,CALM,spotify:album:46K4raQPIGem3N031upNj9,5 Seconds of Summer,spotify:artist:5Rl15oVamLq7FbSb0NNBNy
315,13 Reasons Why (Season 3),spotify:album:1zbH0DnpYxaoqTojXNLQb6,5 Seconds of Summer,spotify:artist:5Rl15oVamLq7FbSb0NNBNy
316,Trip At Knight (Complete Edition),spotify:album:4sS5IjHR0YOJQdSTQ8whWz,Trippie Redd,spotify:artist:6Xgp2XMz1fhVYe7i6yNAax
318,Pegasus: Neon Shark vs Pegasus Presented By Travis Barker (Deluxe),spotify:album:4Sj1MJMO2jaIZyr00ipCkl,Trippie Redd,spotify:artist:6Xgp2XMz1fhVYe7i6yNAax
322,Artist 2.0 (Deluxe),spotify:album:4v0IxMbMN975IfxFHzgK9d,A Boogie Wit da Hoodie,spotify:artist:31W5EY0aAly4Qieq6OFu6I
324,Artist 2.0,spotify:album:0cZAE6guibfcYmTZD7hiae,A Boogie Wit da Hoodie,spotify:artist:31W5EY0aAly4Qieq6OFu6I
325,Haitian Boy Kodak,spotify:album:4DGNmFH2q7WEtFI88geAmu,Kodak Black,spotify:artist:46SHBwWsqBkxI7EeeBEQG7
327,Bill Israel,spotify:album:051k93izd0reEjp85OgEo6,Kodak Black,spotify:artist:46SHBwWsqBkxI7EeeBEQG7
328,The Treatment,spotify:album:41UHZcuebNJobK1q0WLHQN,Mr. Probz,spotify:artist:33W1pnW9zScZtYTnAoWnOT
329,Faith (with Dolly Parton) [feat. Mr. Probz] [Acoustic],spotify:album:4GReJagRcBTMq97kYMU7Zy,Galantis,spotify:artist:4sTQVOfp9vEMCemLw50sbu
330,Faith (with Dolly Parton) [feat. Mr. Probz],spotify:album:1QrYKuMTMLwpTwzOFhfnOk,Galantis,spotify:artist:4sTQVOfp9vEMCemLw50sbu
331,CLOUDS (THE MIXTAPE),spotify:album:7eQGtkzCgrIWDOe76E9F8t,NF,spotify:artist:6fOMl44jA4Sp5b9PpYCkzz
332,The Search,spotify:album:46xdC4Qcvscfs3Ai2RIHcv,NF,spotify:artist:6fOMl44jA4Sp5b9PpYCkzz
333,Perception,spotify:album:1KOmHyNLuOe5YrPhD3Juuf,NF,spotify:artist:6fOMl44jA4Sp5b9PpYCkzz
334,Man of the Woods,spotify:album:01l3jTY261V3CESZR4dABz,Justin Timberlake,spotify:artist:31TPClRtHm23RisEBtV3X7
335,The Book of Love (Original Motion Picture Soundtrack),spotify:album:2H8u9DigrbmhweDlLr8twg,Justin Timberlake,spotify:artist:31TPClRtHm23RisEBtV3X7
336,The 20/20 Experience - 2 of 2 (Deluxe),spotify:album:5lYzReGzcSNF0Gx47wm6qU,Justin Timberlake,spotify:artist:31TPClRtHm23RisEBtV3X7
337,Insomniac (25th Anniversary Deluxe Edition),spotify:album:2nrqcI2e61NN375lBaQIg0,Green Day,spotify:artist:7oPftvlwr6VrsViSDV7fJY
338,No Fun Mondays,spotify:album:6pjuzPdAkJPdNBiKzcloXL,Billie Joe Armstrong,spotify:artist:1MrEurzLcL8ugfP1PrUPWG
339,Father of All...,spotify:album:7ij8wQxCAexZiXZbMOHcxE,Green Day,spotify:artist:7oPftvlwr6VrsViSDV7fJY
340,KHALED KHALED,spotify:album:5kE2OAuUYGBqqzscqgBXXf,DJ Khaled,spotify:artist:0QHgL1lAIqAw0HtD7YldmP
342,Father Of Asahd,spotify:album:1YgX8BWKleDlDeCOFklRfz,DJ Khaled,spotify:artist:0QHgL1lAIqAw0HtD7YldmP
343,Blonde,spotify:album:3mH6qwIy9crq0I9YQbOuDf,Frank Ocean,spotify:artist:2h93pZq0e7k5yf4dywlkpM
344,channel ORANGE (Explicit Version),spotify:album:623Ef2ZEB3Njklix4PC0Rs,Frank Ocean,spotify:artist:2h93pZq0e7k5yf4dywlkpM
345,channel ORANGE,spotify:album:392p3shh2jkxUxY2VHvlH8,Frank Ocean,spotify:artist:2h93pZq0e7k5yf4dywlkpM
346,Poster Girl (Summer Edition),spotify:album:0E6Bt7I9gHxC6j8UmaCXTh,Zara Larsson,spotify:artist:1Xylc3o4UrD53lo9CvFvVg
348,Poster Girl (Swedish Summer Edition),spotify:album:2anOk0tcks7TTPThz5BOdK,Zara Larsson,spotify:artist:1Xylc3o4UrD53lo9CvFvVg
349,Utopia Live From MetLife Stadium,spotify:album:2JWG9FSkVSEe63zXq4d2LL,Romeo Santos,spotify:artist:5lwmRuXgjX8xIwlnauTZIP
350,Utopia,spotify:album:1yM8iaMk4Slsqr94LabgN1,Romeo Santos,spotify:artist:5lwmRuXgjX8xIwlnauTZIP
351,Golden,spotify:album:6bm9EpUNvQ9xMglBJGRmgS,Romeo Santos,spotify:artist:5lwmRuXgjX8xIwlnauTZIP
352,FATHER OF 4,spotify:album:6bPpXqJRpjwy0hLyUGtzYc,Offset,spotify:artist:4DdkRBBYG6Yk9Ka8tdJ9BW
353,Without Warning,spotify:album:0MV1yCXcNNQBfwApqAVkH0,21 Savage,spotify:artist:1URnnhqYAYcrqrcwql10ft
355,What Is Love? (Deluxe Edition),spotify:album:1MvF4ulZKH7SaDQs9rE5nc,Clean Bandit,spotify:artist:6MDME20pz9RveH9rEXvrOM
356,New Eyes,spotify:album:0dNt3MfPrvj6mHmajSuahw,Clean Bandit,spotify:artist:6MDME20pz9RveH9rEXvrOM
358,The Capitol Session '73 (Live),spotify:album:3s1ZvxI9MJ4L18omyJRhPS,Bob Marley & The Wailers,spotify:artist:2QsynagSdAqZj3U9HgDzjD
359,Return To Dunn's River Falls,spotify:album:3rdjTiR0iOPHI8XjNapk6z,Bob Marley & The Wailers,spotify:artist:2QsynagSdAqZj3U9HgDzjD
360,"Live At The Rainbow, 4th June 1977 (Remastered 2020)",spotify:album:2M9E6uD6mYqRFTjqcaVzzC,Bob Marley & The Wailers,spotify:artist:2QsynagSdAqZj3U9HgDzjD
361,Therapy,spotify:album:4AeowfpQNCScPBpPhnovKM,Anne-Marie,spotify:artist:1zNqDE7qDGCsyzJwohVaoX
362,Speak Your Mind (Deluxe),spotify:album:7lPoGKpCGgdKFAxpudhAH5,Anne-Marie,spotify:artist:1zNqDE7qDGCsyzJwohVaoX
363,Kiss My (Uh Oh) [feat. Little Mix ] [PS1 remix],spotify:album:31OaH7RR3r6PQ8ZiAqLKtY,Anne-Marie,spotify:artist:1zNqDE7qDGCsyzJwohVaoX
364,MONTERO,spotify:album:7Hyou8MbP9jZLItW3Nt4Iw,Lil Nas X,spotify:artist:7jVv8c5Fj3E9VhNjxT4snq
367,Better Mistakes,spotify:album:1v0new1LT7TVddV7dBIAmo,Bebe Rexha,spotify:artist:64M6ah0SkkRsnPGtGiRAbb
369,Expectations,spotify:album:4TOkZvtqNpg5UHyGxCn0mS,Bebe Rexha,spotify:artist:64M6ah0SkkRsnPGtGiRAbb
373,Divinely Uninspired To A Hellish Extent (Extended Edition),spotify:album:2wiPF3m0ylst0JSk1IvZL8,Lewis Capaldi,spotify:artist:4GNC7GD6oZMSxPGyXy4MNB
374,Divinely Uninspired To A Hellish Extent,spotify:album:5658aM19fA3JVwTK6eQX70,Lewis Capaldi,spotify:artist:4GNC7GD6oZMSxPGyXy4MNB
375,Before You Go (Orchestral),spotify:album:2DCUb8H8D69jNU845PtWLE,Lewis Capaldi,spotify:artist:4GNC7GD6oZMSxPGyXy4MNB
376,FINAL (Vol.1),spotify:album:61a4XyIj98CGrUnKy8Hu4Z,Enrique Iglesias,spotify:artist:7qG3b048QCHVRO5Pv1T5lw
377,SEX AND LOVE (Deluxe),spotify:album:5M6kvgAxM3qwk72KAjm0Mq,Enrique Iglesias,spotify:artist:7qG3b048QCHVRO5Pv1T5lw
378,SEX AND LOVE,spotify:album:5eTnO99fDE0hr87EMSTi8w,Enrique Iglesias,spotify:artist:7qG3b048QCHVRO5Pv1T5lw
383,Slime Language 2,spotify:album:3ihwKkIMJWmmp1huNH0iWC,Young Stoner Life,spotify:artist:1xr2G8Hlx4QWmT9HaUbmoO
385,¡MÉXICO Por Siempre!,spotify:album:46FkZmwdxnGPVXUTTfhche,Luis Miguel,spotify:artist:2nszmSgqreHSdJA3zWPyrW
386,Luis Miguel (Edición De Lujo),spotify:album:3MpbAt21ozNGRmmLCmP2ed,Luis Miguel,spotify:artist:2nszmSgqreHSdJA3zWPyrW
387,Luis Miguel,spotify:album:1gpyLgIsXBUpq8RVGDSnZF,Luis Miguel,spotify:artist:2nszmSgqreHSdJA3zWPyrW
388,CALL ME IF YOU GET LOST,spotify:album:45ba6QAtNrdv6Ke4MFOKk9,"Tyler, The Creator",spotify:artist:4V8LLVI7PbaPR0K2TGSxFF
389,IGOR,spotify:album:5zi7WsKlIiUXv09tbGLKsE,"Tyler, The Creator",spotify:artist:4V8LLVI7PbaPR0K2TGSxFF
390,Flower Boy,spotify:album:2nkto6YNI4rUYTLqEwWJ3o,"Tyler, The Creator",spotify:artist:4V8LLVI7PbaPR0K2TGSxFF
391,A Momentary Lapse of Reason (2019 Remix),spotify:album:1NtBP8apWQHu9Sa4WJ7C3l,Pink Floyd,spotify:artist:0k17h0D3J5VfsdmQ1iZtE9
392,Live at Knebworth 1990,spotify:album:5JZxCVMYJqplJhJgfytng2,Pink Floyd,spotify:artist:0k17h0D3J5VfsdmQ1iZtE9
394,TRANSLATION,spotify:album:0uxvuY8Ek2ojzHrWTg2PDc,Black Eyed Peas,spotify:artist:1yxSLGMDHlW21z4YXirZDS
395,Translation,spotify:album:2eORe6u9TPXYisYshyXVeH,Black Eyed Peas,spotify:artist:1yxSLGMDHlW21z4YXirZDS
397,VIDA,spotify:album:5C0YLr4OoRGFDaqdMQmkeH,Luis Fonsi,spotify:artist:4V8Sr092TqfHkfAA5fXXqG
398,2En1,spotify:album:3OxL5Ek8dkhW127ZlAuA3o,Luis Fonsi,spotify:artist:4V8Sr092TqfHkfAA5fXXqG
399,Lo Mejor De...,spotify:album:2rWkd0DyrYRbXCmp06okTJ,Luis Fonsi,spotify:artist:4V8Sr092TqfHkfAA5fXXqG
400,THE ALBUM (JP Ver.),spotify:album:5HZR4Ep8QsjDeVJTKCKv0W,BLACKPINK,spotify:artist:41MozSoPIsD1dJM0CLPjZF
401,BLACKPINK 2021 'THE SHOW' LIVE,spotify:album:05tjy9njMXtZhhQKy6eSbw,BLACKPINK,spotify:artist:41MozSoPIsD1dJM0CLPjZF
403,Tickets To My Downfall (SOLD OUT Deluxe),spotify:album:13lMLnHs5qsmm687oRc3VC,Machine Gun Kelly,spotify:artist:6TIYQ3jFPwQSRmorSezPxX
404,Tickets To My Downfall,spotify:album:57lgFncHBYu5E3igZnuCJK,Machine Gun Kelly,spotify:artist:6TIYQ3jFPwQSRmorSezPxX
406,Tattoo You (Super Deluxe),spotify:album:3RWlnnrGMHsNWrgRXPUESk,The Rolling Stones,spotify:artist:22bE4uQ6baNwSHPVcDxLCe
407,Tattoo You,spotify:album:0yTaOPkfNqatnSwaLby8U6,The Rolling Stones,spotify:artist:22bE4uQ6baNwSHPVcDxLCe
408,A Bigger Bang (Live),spotify:album:7fvR1o3KGJo6c88O6GtSNI,The Rolling Stones,spotify:artist:22bE4uQ6baNwSHPVcDxLCe
409,MTV Unplugged In New York (25th Anniversary),spotify:album:1tsNAUQqofHrnlezRK8D5R,Nirvana,spotify:artist:6olE6TJLqED3rqDCT0FyPh
410,Live And Loud,spotify:album:4Sdfp3NL90GZoYYwLmhk0H,Nirvana,spotify:artist:6olE6TJLqED3rqDCT0FyPh
411,Live At The Paramount,spotify:album:5A7qhg1w3J1GVoPPTChYCF,Nirvana,spotify:artist:6olE6TJLqED3rqDCT0FyPh
424,Before the Beginning - 1968-1970 Rare Live & Demo Sessions (Remastered),spotify:album:3mlM7EnbGFBqcYNZ32ULWh,Fleetwood Mac,spotify:artist:08GQAI4eElDnROBrJRGE0X
425,50 Years - Don't Stop,spotify:album:06JqOkwwy91OxrApXclzYf,Fleetwood Mac,spotify:artist:08GQAI4eElDnROBrJRGE0X
426,Say You Will,spotify:album:6dMdadS6Ng71pD9As93ufx,Fleetwood Mac,spotify:artist:08GQAI4eElDnROBrJRGE0X
427,Bublé! (Original Soundtrack from his NBC TV Special),spotify:album:7f14q8bSMN3168ifOhmy3M,Michael Bublé,spotify:artist:1GxkXlMwML1oSg5eLPiAz3
428,love (Deluxe Edition),spotify:album:68xKnVblFsSQ48CtgZT0oY,Michael Bublé,spotify:artist:1GxkXlMwML1oSg5eLPiAz3
429,Nobody but Me,spotify:album:5wN1OizIFEHDUkRwzIK3wL,Michael Bublé,spotify:artist:1GxkXlMwML1oSg5eLPiAz3
430,SOUR,spotify:album:6s84u2TUpR3wdUv4NgKA2j,Olivia Rodrigo,spotify:artist:1McMsnEElThX1knmY4oliG
432,"The Rose Song [From ""High School Musical: The Musical: The Series (Season 2)""]",spotify:album:6TeOuy8VtjfYy52ntsnu1m,Olivia Rodrigo,spotify:artist:1McMsnEElThX1knmY4oliG
433,Dum and Dummer 2,spotify:album:1XKOXluL7TbCpPVsX4dqXv,Young Dolph,spotify:artist:3HiuzBlSW7pGDXlSFMhO2g
435,Son Of A Gun,spotify:album:14QMSPjwCAdA2qr6rKUXSs,Key Glock,spotify:artist:0RESbWvOMyua0yuyVrztJ5
436,EST. 1989,spotify:album:7uua9VeRYOlEooVGZR53Is,Jonas Blue,spotify:artist:1HBjj22wzbscIZ9sEb5dyf
437,Blue,spotify:album:2xZSrcBmvMw9Y8hac6xU7L,Jonas Blue,spotify:artist:1HBjj22wzbscIZ9sEb5dyf
438,Sad Boy (feat. Ava Max & Kylie Cantrall) [Acoustic],spotify:album:4RGXGeDgh5I97IkbLVLnnE,R3HAB,spotify:artist:6cEuCEZu7PAE9ZSzLLc2oQ
439,Chinese Democracy,spotify:album:0suNLpB9xraAv1FcdlITjQ,Guns N' Roses,spotify:artist:3qm84nBOXUEQ2vnTfUTTFC
440,The Spaghetti Incident?,spotify:album:4ieR19hRkKeE81CalJPQNu,Guns N' Roses,spotify:artist:3qm84nBOXUEQ2vnTfUTTFC
441,Use Your Illusion II,spotify:album:00eiw4KOJZ7eC3NBEpmH4C,Guns N' Roses,spotify:artist:3qm84nBOXUEQ2vnTfUTTFC
445,Glory (Deluxe),spotify:album:4Dx1H8qhJ2hFkChgfZuqQV,Britney Spears,spotify:artist:26dSoYclwsYLMAKD3tpOr4
447,Glory : Japan Tour Edition,spotify:album:7de9JdO8rQxVOJ9NE3WuiN,Britney Spears,spotify:artist:26dSoYclwsYLMAKD3tpOr4
448,Doom Days (This Got Out Of Hand Edition),spotify:album:2ZTutAjJEBw4mA5t4Edg1d,Bastille,spotify:artist:7EQ0qTo7fWT7DPxmxtSYEc
450,Doom Days,spotify:album:2QzbL1DICo4xZnWr8Sw4fF,Bastille,spotify:artist:7EQ0qTo7fWT7DPxmxtSYEc
451,3.15.20,spotify:album:5qteDmbjYSYe4lxOYSwjoj,Childish Gambino,spotify:artist:73sIBHcqh3Z3NyqHKZ7FOL
453,"""Awaken, My Love!""",spotify:album:4Carzsnpd6yvuHZ49I0oz8,Childish Gambino,spotify:artist:73sIBHcqh3Z3NyqHKZ7FOL
460,Finally Famous (10th Anniversary Deluxe Edition Remixed and Remastered),spotify:album:2wsEKWXcUpVNR2AKprorV3,Big Sean,spotify:artist:0c173mlxpT3dSFRgMO8XPh
462,Detroit 2,spotify:album:6slkiHeFK3wW2D1mao0TX3,Big Sean,spotify:artist:0c173mlxpT3dSFRgMO8XPh
463,In The Meantime,spotify:album:5reEg9or7xqpXy6XLVIoTE,Alessia Cara,spotify:artist:2wUjUUtkb5lvLKcGKsKqsR
464,This Summer: Live Off The Floor,spotify:album:5f4wj5QGE753r1IcZbiKS3,Alessia Cara,spotify:artist:2wUjUUtkb5lvLKcGKsKqsR
465,The Pains Of Growing,spotify:album:0LzVdypBGpn6dGuHqVGwwt,Alessia Cara,spotify:artist:2wUjUUtkb5lvLKcGKsKqsR
466,Long Term Effects of SUFFERING,spotify:album:3dgsCZMswt6TWbsKcMgoO2,$uicideboy$,spotify:artist:1VPmR4DJC1PlOtd0IADAO0
468,Stop Staring at the Shadows,spotify:album:7rKmLxCFlmtIxGpX4HYgs4,$uicideboy$,spotify:artist:1VPmR4DJC1PlOtd0IADAO0
469,El Niño,spotify:album:0hZRo3fmA48T0agQDHKPay,Lunay,spotify:artist:47MpMsUfWtgyIIBEFOr4FE
470,Épico,spotify:album:46xbsFOp9g1WqTidQEs7YT,Lunay,spotify:artist:47MpMsUfWtgyIIBEFOr4FE
471,Ella (Remix),spotify:album:1XWOwAxb9awdotZSHQnAMH,Boza,spotify:artist:2NfSBtmWe7oPw1EmetJVso
472,California Love,spotify:album:1nGbXgS6toEOcFCDwEl5R3,2Pac,spotify:artist:1ZwdS5xdxEREPySFridCfh
473,Ghetto Gospel (The Birth of A Legend),spotify:album:5OJSEPm7mDBRDX5Jevjo8F,2Pac,spotify:artist:1ZwdS5xdxEREPySFridCfh
474,Soldier 2 Soldier (Collector's Edition),spotify:album:2qmmPaaWXRM1kZujpUKKsO,Dead Prez,spotify:artist:2UBt0GWBuPVXlPisRvWzlD
475,Solar Power,spotify:album:1lDMJQcBCttCroFPkNHtN7,Lorde,spotify:artist:163tK9Wjr9P9DmM0AVK7lm
477,Melodrama,spotify:album:4oCGmYsAQOWt2ACWTpNUU6,Lorde,spotify:artist:163tK9Wjr9P9DmM0AVK7lm
478,"""A""",spotify:album:7JZi4kTfYCJcqOzVbKAYh5,Usher,spotify:artist:23zg3TcAtWQy7J6upgbUnj
479,Hard II Love,spotify:album:4HAuPn3A4uu9n7RYNk1dOz,Usher,spotify:artist:23zg3TcAtWQy7J6upgbUnj
481,Ahora,spotify:album:4BvD9caT3ZohqNQFcR8dVD,Reik,spotify:artist:0vR2qb8m9WHeZ5ByCbimq2
482,Des/Amor,spotify:album:6Tap30zqzXj22sVKoy1GUj,Reik,spotify:artist:0vR2qb8m9WHeZ5ByCbimq2
483,Reik En Vivo Auditorio Nacional,spotify:album:3nFMhhRvntmafaNnxJqcYX,Reik,spotify:artist:0vR2qb8m9WHeZ5ByCbimq2
484,RUDE DOG,spotify:album:0XbWSuZtb7x7GVmAb4y6vj,Xavier Wulf,spotify:artist:3uo0ix4Y67XHVWBhXXIY1S
485,Rude Dog,spotify:album:0RPnlo22nYrTrFBNa0UcUv,Xavier Wulf,spotify:artist:3uo0ix4Y67XHVWBhXXIY1S
486,Bennington Forest,spotify:album:7zLrAXhMrzAwn9GOI7keDP,Xavier Wulf,spotify:artist:3uo0ix4Y67XHVWBhXXIY1S
487,Live Around the World (Deluxe),spotify:album:7zhwCAUQETk5MXUJBYqc0C,Queen,spotify:artist:1dfeR4HaWDbWqFHLkxsg1d
488,Live Around The World (Deluxe),spotify:album:4UAsVsprIJu1OU9qkLwTMe,Queen,spotify:artist:1dfeR4HaWDbWqFHLkxsg1d
489,Bohemian Rhapsody (The Original Soundtrack),spotify:album:6i6folBtxKV28WX3msQ4FE,Queen,spotify:artist:1dfeR4HaWDbWqFHLkxsg1d
490,KG0516,spotify:album:5CS8E6JVACItYto4OOJoPW,KAROL G,spotify:artist:790FomKkXshlbRYZFtlgla
491,OCEAN,spotify:album:4i5b4YWuMtneUSvQPONwzK,KAROL G,spotify:artist:790FomKkXshlbRYZFtlgla
492,Unstoppable,spotify:album:12nlJpvrOd7tTOaCxB1UeR,KAROL G,spotify:artist:790FomKkXshlbRYZFtlgla
496,"Song Machine, Season One: Strange Timez (Deluxe)",spotify:album:1yCnOPMq0BVzKKn97HiIFp,Gorillaz,spotify:artist:3AA28KZvwAUcZuOKwyblJQ
498,The Now Now,spotify:album:1amYhlukNF8WdaQC3gKkgL,Gorillaz,spotify:artist:3AA28KZvwAUcZuOKwyblJQ
499,"Wasteland, Baby!",spotify:album:5j1ZsFyNCsnt62prbs85eE,Hozier,spotify:artist:2FXC3k01G6Gw61bmprjgqS
501,Hozier (Special Edition),spotify:album:44zQnmrFcPCmPp6NLMfTuz,Hozier,spotify:artist:2FXC3k01G6Gw61bmprjgqS
502,MALA SANTA,spotify:album:13MHW8hoLFjX7SaVEVmj3X,Becky G,spotify:artist:4obzFoKoKRHIphyHzJ35G3
503,Pa Mis Muchachas (feat. Nathy Peluso),spotify:album:0WtOyuBYge9gx7X8MpCeeW,Christina Aguilera,spotify:artist:1l7ZsJRRS8wlW3WfJfPfNS
504,Baila Así (feat. Chiquis),spotify:album:0SXbEP6U9u9JLzuPVYRIGQ,Play-N-Skillz,spotify:artist:7MP4jhYmFEgb0AtiOkw55s
505,CB5,spotify:album:2mTRsFeFo7zou6PWFLT03v,French Montana,spotify:artist:6vXTefBL93Dj5IqAWq6OTv
507,MONTANA,spotify:album:1jJdkoOAj3Uk6Tbv3S4fsa,French Montana,spotify:artist:6vXTefBL93Dj5IqAWq6OTv
508,Pressure Machine,spotify:album:1qMFjBarjO2xD15BwXZguD,The Killers,spotify:artist:0C0XlULifJtAgn6ZNCW2eu
509,Pressure Machine (Abridged),spotify:album:7j8a2kSxAtenkXPim6mwUB,The Killers,spotify:artist:0C0XlULifJtAgn6ZNCW2eu
510,Imploding The Mirage (Deluxe),spotify:album:7CicJk8ELO3w5os2fr2LBQ,The Killers,spotify:artist:0C0XlULifJtAgn6ZNCW2eu
511,Dee Gees / Hail Satin - Foo Fighters / Live,spotify:album:50QMS2zosvUxhucf6zMRUy,Foo Fighters,spotify:artist:7jy3rLJdDQY21OgRLCZ9sD
512,Medicine At Midnight,spotify:album:1FyNZvJ6MHO01kl3ySMPdc,Foo Fighters,spotify:artist:7jy3rLJdDQY21OgRLCZ9sD
513,Medicine At Midnight (Track Commentary),spotify:album:4Sb67WEPsYgQxd7GItaAtI,Foo Fighters,spotify:artist:7jy3rLJdDQY21OgRLCZ9sD
514,Expensive Pain,spotify:album:3cLQ49Ll3nGRkw3HSSk92K,Meek Mill,spotify:artist:20sxb77xiYeusSH8cVdatc
516,Championships,spotify:album:6UYZEYjpN1DYRW0kqFy9ZE,Meek Mill,spotify:artist:20sxb77xiYeusSH8cVdatc
517,NINE,spotify:album:4gARZz9eV7zbGbtOjhVTPF,blink-182,spotify:artist:6FBDaR13swtiWwGhX1WQsP
518,California (Deluxe),spotify:album:1IsmcQLpk9MkMmymxKBmxh,blink-182,spotify:artist:6FBDaR13swtiWwGhX1WQsP
519,California (Deluxe Edition),spotify:album:0jLf8ecN5HjstQqPAjJlsS,blink-182,spotify:artist:6FBDaR13swtiWwGhX1WQsP
520,PLAYBOY Live,spotify:album:4SrLr4tAV2aEZt17kz9Wwa,Tory Lanez,spotify:artist:2jku7tDXc6XoB6MO2hFuqg
521,PLAYBOY,spotify:album:0ccEYmcKK8UKt5zZ0lGgJ7,Tory Lanez,spotify:artist:2jku7tDXc6XoB6MO2hFuqg
522,Loner,spotify:album:7piqXIg89Lj9rHrfME4cC5,Tory Lanez,spotify:artist:2jku7tDXc6XoB6MO2hFuqg
523,Mariah Carey's Magical Christmas Special (Apple TV+ Original Soundtrack),spotify:album:5VfOssXn7GQr02J90c2HDl,Mariah Carey,spotify:artist:4iHNK0tOyZPYnBU7nGAgpQ
525,The Rarities,spotify:album:0v1DRRYBXYg1uVN1CIsyy0,Mariah Carey,spotify:artist:4iHNK0tOyZPYnBU7nGAgpQ
526,Positivo (Versión Acústica),spotify:album:24eUqyJPZ39GNoQsvc7ffM,Banda MS de Sergio Lizárraga,spotify:artist:2C6i0I5RiGzDKN9IAF8reh
527,El Trabajo Es La Suerte,spotify:album:4j7afzzctfV0UPUrJKWCQk,Banda MS de Sergio Lizárraga,spotify:artist:2C6i0I5RiGzDKN9IAF8reh
528,Lo Más Escuchado De,spotify:album:6ugTzBm3I3Ih5Jqdn0qZ1w,Banda MS de Sergio Lizárraga,spotify:artist:2C6i0I5RiGzDKN9IAF8reh
529,Bigger Love,spotify:album:7BRuKFs9BFuba9TlMs2ZLd,John Legend,spotify:artist:5y2Xq6xcjJb2jVM54GHK3t
530,A Legendary Christmas,spotify:album:67vlDQxXPo2JKnZ5e6tHKY,John Legend,spotify:artist:5y2Xq6xcjJb2jVM54GHK3t
531,DARKNESS AND LIGHT (Asia Tour Edition),spotify:album:7Hl5ogyLmL1HOrzVHcRoeu,John Legend,spotify:artist:5y2Xq6xcjJb2jVM54GHK3t
532,All That You Can’t Leave Behind (20th Anniversary Edition / Super Deluxe / Remastered 2020),spotify:album:6GKpINyYmLRPjGnpzo8LIS,U2,spotify:artist:51Blml2LZPmy7TTiAg47vQ
533,Songs Of Experience (Deluxe Edition),spotify:album:3TbG4ZvwHmzkU9JGltkxnf,U2,spotify:artist:51Blml2LZPmy7TTiAg47vQ
535,A Very Trainor Christmas (Deluxe),spotify:album:7kaFsOsRsco4FP5y9Cx0Yf,Meghan Trainor,spotify:artist:6JL8zeS1NmiOftqZTRgdTz
536,The Love Train,spotify:album:0kPe8FDWUOInMERIeolerd,Meghan Trainor,spotify:artist:6JL8zeS1NmiOftqZTRgdTz
537,A Very Trainor Christmas,spotify:album:2Mb2HvX9H2J98qOvZGdsFf,Meghan Trainor,spotify:artist:6JL8zeS1NmiOftqZTRgdTz
541,The Complete BBC Sessions (Remastered),spotify:album:6VH2op0GKIl3WNTbZmmcmI,Led Zeppelin,spotify:artist:36QJpDe2go2KgaRleHCDTp
542,Physical Graffiti (Deluxe Edition),spotify:album:23FJTTzUIUjhmimOE2CTX2,Led Zeppelin,spotify:artist:36QJpDe2go2KgaRleHCDTp
543,Celebration Day,spotify:album:0kTe1sQd9yhDsdG2Zth7X6,Led Zeppelin,spotify:artist:36QJpDe2go2KgaRleHCDTp
544,SR3MM,spotify:album:4vLYreWxd2ptOAzPwTyBI3,Rae Sremmurd,spotify:artist:7iZtZyCzp3LItcw1wtPI3D
546,SremmLife 2 (Deluxe),spotify:album:5v6iBhIlflzR9rEd1LAMbd,Rae Sremmurd,spotify:artist:7iZtZyCzp3LItcw1wtPI3D
547,The End of an Era (Deluxe),spotify:album:7AyqHVj8wzNX9tpuMxU2x4,Iggy Azalea,spotify:artist:5yG7ZAZafVaAlMTeBybKAL
549,The End of an Era,spotify:album:7lpONbbHTKDFk5nDpOgdFD,Iggy Azalea,spotify:artist:5yG7ZAZafVaAlMTeBybKAL
553,Notes On A Conditional Form,spotify:album:0o5xjCboti8vXhdoUG9LYi,The 1975,spotify:artist:3mIj9lX2MWuHmhNCA7LSCW
554,Notes On a Conditional Form,spotify:album:65l2wbCvQ1XGtZ4PbKqF2i,The 1975,spotify:artist:3mIj9lX2MWuHmhNCA7LSCW
559,Delta,spotify:album:0Wmnkh4lzGy5rgkUPOjYbg,Mumford & Sons,spotify:artist:3gd8FJtBJtkRxdfbTu19U2
562,Heaven & Hell,spotify:album:26c7MmQ4w8EAvVLb4jilaM,Ava Max,spotify:artist:4npEfmQ6YuiwW1GpUmaq3F
563,Sad Boy (feat. Ava Max & Kylie Cantrall),spotify:album:5KcaU97tf7FqJ1s9cKVPpZ,R3HAB,spotify:artist:6cEuCEZu7PAE9ZSzLLc2oQ
564,EveryTime I Cry (Sigala Remix),spotify:album:5mD11glhMO1YyyrYLb7dQ1,Ava Max,spotify:artist:4npEfmQ6YuiwW1GpUmaq3F
565,Dopamina,spotify:album:2yYl7Q3GOoBjznGy0Rsc2f,Manuel Turizo,spotify:artist:0tmwSHipWxN12fsoLcFU3B
566,ADN,spotify:album:0CUMVFalkFhZM6Xo0ErxLi,Manuel Turizo,spotify:artist:0tmwSHipWxN12fsoLcFU3B
567,Una Vaina Loca,spotify:album:1I92y0NxYT4cUYSQePekyM,Fuego,spotify:artist:7wU2WGCJ8HxkekHHE2QLul
568,Dono das Esquinas,spotify:album:1A0a8bYGqm5tC4vgSnvDmK,BIN,spotify:artist:1WXbiUMl1AT9Inb619xPUg
569,Para todas as mulheres que já rimei,spotify:album:3ARNQjDhmh6DHZCCVTKxMt,BIN,spotify:artist:1WXbiUMl1AT9Inb619xPUg
570,Rolex,spotify:album:7b9U1Cg7hZvDj3vDTbdzFQ,BIN,spotify:artist:1WXbiUMl1AT9Inb619xPUg
571,What You See Ain't Always What You Get (Deluxe Edition),spotify:album:25TJxI6ZH6XjT8geRQAFz5,Luke Combs,spotify:artist:718COspgdWOnwOFpJHRZHS
572,What You See Is What You Get,spotify:album:0S9D5NIDp2YXhYwlvuJzqx,Luke Combs,spotify:artist:718COspgdWOnwOFpJHRZHS
573,This One's for You Too (Deluxe Edition),spotify:album:53Oa5Bu0UTU8o8qCTaHKoz,Luke Combs,spotify:artist:718COspgdWOnwOFpJHRZHS
574,Hypnotize,spotify:album:3T0iEi5WFKzbsq14V9wYCK,System Of A Down,spotify:artist:5eAWCfyUhZtHHtBdNk56l1
577,All The Light Above It Too,spotify:album:1a15dDOiwz5ebSxk1ZeFB5,Jack Johnson,spotify:artist:3GBPw9NK25X1Wt2OUvOwY3
578,From Here To Now To You,spotify:album:3z0ah0DTRYEZDbi5MWmBnX,Jack Johnson,spotify:artist:3GBPw9NK25X1Wt2OUvOwY3
580,Simulation Theory (Super Deluxe),spotify:album:5OZgDtx180ZZPMpm36J2zC,Muse,spotify:artist:12Chz98pHFMPJEknJQMWvI
581,Drones,spotify:album:7iXImlGs9MxR7VTSNkO2Go,Muse,spotify:artist:12Chz98pHFMPJEknJQMWvI
583,Love Songs,spotify:album:78uwgEOog8RroMZ1k9pH1C,Elvis Presley,spotify:artist:43ZHCT0cAZBISjO8DG9PnE
584,The King of Rock - G.H.,spotify:album:6sKjG6h9JKp8rWDY4V0Rcv,Elvis Presley,spotify:artist:43ZHCT0cAZBISjO8DG9PnE
585,Elvis King Creole & More New mono-to-stereo mixes,spotify:album:1E4Pv7bhF3R2jb9Li99lwJ,Elvis Presley,spotify:artist:43ZHCT0cAZBISjO8DG9PnE
586,OK Computer OKNOTOK 1997 2017,spotify:album:0tzfI6NFJqcJkWb23R3lRZ,Radiohead,spotify:artist:4Z8W4fKeB5YxbusRsdQVPb
587,A Moon Shaped Pool,spotify:album:2ix8vWvvSp2Yo7rKMiWpkg,Radiohead,spotify:artist:4Z8W4fKeB5YxbusRsdQVPb
588,TKOL RMX 1234567,spotify:album:566osTxDsfrtdBxPDMGufx,Radiohead,spotify:artist:4Z8W4fKeB5YxbusRsdQVPb
589,Chip Chrome & The Mono-Tones (Deluxe),spotify:album:2JyArayVlT6t3MVWLLdSwZ,The Neighbourhood,spotify:artist:77SW9BnxLY8rJ0RciFqkHh
590,Chip Chrome & The Mono-Tones,spotify:album:4uNgt1uQs6wZRm4giB3shX,The Neighbourhood,spotify:artist:77SW9BnxLY8rJ0RciFqkHh
591,Hard To Imagine The Neighbourhood Ever Changing,spotify:album:0ODLCdHBFVvKwJGeSfd1jy,The Neighbourhood,spotify:artist:77SW9BnxLY8rJ0RciFqkHh
592,Hall of Fame,spotify:album:7DRgfXDI7Uk4HKIEC1Z4lb,Polo G,spotify:artist:6AgTAQt8XS6jRWi4sX7w49
594,THE GOAT,spotify:album:39xhYyNNDatQtgKw2KdXMz,Polo G,spotify:artist:6AgTAQt8XS6jRWi4sX7w49
595,Please Excuse Me for Being Antisocial,spotify:album:52u4anZbHd6UInnmHRFzba,Roddy Ricch,spotify:artist:757aE44tKEUQEqRuT6GnEB
596,Feed Tha Streets II,spotify:album:1jlIU9p7PChTK3AeqNpnsX,Roddy Ricch,spotify:artist:757aE44tKEUQEqRuT6GnEB
597,LEMME FIND OUT,spotify:album:5BreDfoKKD7DBSzzQ6tAAi,Bino Rideaux,spotify:artist:3pcerTbRFAPvWWtAfySFWB
598,Soul Searching,spotify:album:4ZKdRW0AH9sxV09NmWsTkW,Bazzi,spotify:artist:4GvEc3ANtPPjt1ZJllr5Zl
601,HAIZ,spotify:album:5m01tty1948HnkXUhG0urw,Hailee Steinfeld,spotify:artist:5p7f24Rk5HkUZsaS3BLG5F
602,Masterpiece (feat. Hailee Steinfeld),spotify:album:22MmfsCwPfP4ckLHN8zfvC,Chen Linong,spotify:artist:33L43pzLHkc0qhwnfPLWAt
603,Half Written Story,spotify:album:1UPxmm7vKXqA7tO7Y3XklR,Hailee Steinfeld,spotify:artist:5p7f24Rk5HkUZsaS3BLG5F
607,Compton,spotify:album:6ZnMFVV5HDv2xmHG7bn7et,Dr. Dre,spotify:artist:6DPYiyq5kWVQS4RGwxzPC7
609,2001 Instrumental,spotify:album:3t3Ar2cJUVLY6yTRmrezI8,Dr. Dre,spotify:artist:6DPYiyq5kWVQS4RGwxzPC7
610,Music Inspired By Biggie: I Got A Story To Tell,spotify:album:0Y2G7k6Znc8iiYP7xiIADr,The Notorious B.I.G.,spotify:artist:5me0Irg2ANcsgc93uaYrpb
611,The King & I,spotify:album:3Ezv8bXs9vS908aaKdWrQ3,Faith Evans,spotify:artist:5NDMothbpdpq2xHqSjrrWn
613,Tudo Em Paz,spotify:album:57h6WHDjwNGIs5NMeKYEoL,Jorge & Mateus,spotify:artist:1elUiq4X7pxej6FRlrEzjM
614,Terra Sem Cep (ao Vivo),spotify:album:7uhBra7AiFJm6Nd6YGpqGp,Jorge & Mateus,spotify:artist:1elUiq4X7pxej6FRlrEzjM
615,10 Anos (Ao Vivo) - Deluxe,spotify:album:0wiTSo8xXBIvvkhZNJFWCm,Jorge & Mateus,spotify:artist:1elUiq4X7pxej6FRlrEzjM
622,After Laughter,spotify:album:1c9Sx7XdXuMptGyfCB6hHs,Paramore,spotify:artist:74XFHRwlV6OrjEM0A2NCMF
623,Paramore (Deluxe Edition),spotify:album:7J2hXOVq8FZ367dTczV7oH,Paramore,spotify:artist:74XFHRwlV6OrjEM0A2NCMF
624,Paramore,spotify:album:4sgYpkIASM1jVlNC8Wp9oF,Paramore,spotify:artist:74XFHRwlV6OrjEM0A2NCMF
625,Viva La Kid,spotify:album:1TCcOWC8ztD7lsoh6jXgGu,Shotgun Willy,spotify:artist:7Gz6VlTVwlNtBNMYV4OI3w
626,Mexico,spotify:album:7jYsN8reapgn1y78L90qjx,Shotgun Willy,spotify:artist:7Gz6VlTVwlNtBNMYV4OI3w
627,Respected Man,spotify:album:4Xv8xUwiLQU4JrFHphLWsX,Shotgun Willy,spotify:artist:7Gz6VlTVwlNtBNMYV4OI3w
631,slower (NOTD Remix),spotify:album:3n56FAqm7LFZWcC1OpeT7a,Tate McRae,spotify:artist:45dkTj5sMRSjrmBSBeiHym
632,Malibu,spotify:album:4l4ahZ5gAr9b0uowo6am33,Virginia To Vegas,spotify:artist:3v9wPA58IVrX2dg6AjSPgi
633,Nobody (Acoustic),spotify:album:3PMKSP0kHgM7YAOIjOxaXW,NOTD,spotify:artist:5jAMCwdNHWr7JThxtMuEyy
634,"My Songs, Vol. II",spotify:album:0y0GSLKENLS5mw1I75elNz,Frank Sinatra,spotify:artist:1Mxqyy3pSjf8kZZL4QVxS0
635,My Songs,spotify:album:3GhjBNxqQUwgQHK69isMYx,Frank Sinatra,spotify:artist:1Mxqyy3pSjf8kZZL4QVxS0
636,Reprise Rarities (Vol. 5),spotify:album:5zQAZL3ru5PqHCEddrnSX2,Frank Sinatra,spotify:artist:1Mxqyy3pSjf8kZZL4QVxS0
637,Signals,spotify:album:51cQuF5mmlX5cHRVIbOBYE,Regard,spotify:artist:4ofCBoyEiGSePFAG500xev
638,You (KC Lights Remix),spotify:album:2slCF7lLFmpnXeix42U9ED,Regard,spotify:artist:4ofCBoyEiGSePFAG500xev
639,You (Acoustic),spotify:album:4kfDRlrtpxkYkkrmKeLCnf,Regard,spotify:artist:4ofCBoyEiGSePFAG500xev
640,Nectar,spotify:album:5EzDhyNZuO7kuaABHwbBKX,Joji,spotify:artist:3MZsBdqDrRTJihTHQrO6Dq
642,BALLADS 1,spotify:album:34GQP3dILpyCN018y2k61L,Joji,spotify:artist:3MZsBdqDrRTJihTHQrO6Dq
643,DJ-Kicks: Disclosure,spotify:album:7F0dkkAqwrmclRH8KP2QmW,Disclosure,spotify:artist:6nS5roXSAGhTGr34W6n7Et
644,Never Enough,spotify:album:0ovBhOM0M8GHUEL7IOLFWP,Disclosure,spotify:artist:6nS5roXSAGhTGr34W6n7Et
646,Fifth Harmony,spotify:album:506tSgFO28YCEALMLihVPB,Fifth Harmony,spotify:artist:1l8Fu6IkuTP0U5QetQJ5Xt
648,7/27 (Deluxe),spotify:album:24L75CzM3lqg3yAm4oTIVR,Fifth Harmony,spotify:artist:1l8Fu6IkuTP0U5QetQJ5Xt
649,Not In Chronological Order,spotify:album:0tDLeJartXoM4ACuUx2MOu,Julia Michaels,spotify:artist:0ZED1XzwlLHW4ZaG4lOT6m
651,Inner Monologue Part 2,spotify:album:2f4Ejh4Po2rpuXSYa6IDCe,Julia Michaels,spotify:artist:0ZED1XzwlLHW4ZaG4lOT6m
655,Be Here Now(Remastered),spotify:album:4BCOxFkJvT2WCSgh3ng74W,Oasis,spotify:artist:2DaxqgrOhkeH0fpeiQq2f4
656,Be Here Now(Remastered)(Deluxe Edition),spotify:album:0q0IOjjhk66mFdABKpTPkp,Oasis,spotify:artist:2DaxqgrOhkeH0fpeiQq2f4
657,"(What's The Story) Morning Glory (Remastered, Deluxe)",spotify:album:3UsWuvyuXkospeI9nLdVem,Oasis,spotify:artist:2DaxqgrOhkeH0fpeiQq2f4
661,Los Bandoleros Reloaded,spotify:album:5KtOg6t1abStlfb6OvoD8R,Don Omar,spotify:artist:33ScadVnbm2X8kkUqOkC6Z
662,Los Bandoleros,spotify:album:4g9Ot68iaFXL0z4Zadz7Pw,Don Omar,spotify:artist:33ScadVnbm2X8kkUqOkC6Z
663,Remix Album,spotify:album:6vnbtEhcQK9DUedVaR5yhr,Don Omar,spotify:artist:33ScadVnbm2X8kkUqOkC6Z
664,2020 (Deluxe),spotify:album:6gZ9rRJt7m8g7ZzK8U6hcq,Bon Jovi,spotify:artist:58lV9VcRSjABbAbfWS6skp
665,2020,spotify:album:0CNCv0znPVq1m4BOIOYjl6,Bon Jovi,spotify:artist:58lV9VcRSjABbAbfWS6skp
666,The Rarities Collection,spotify:album:28d4oyzkk8kHeR9A35mkWp,Bon Jovi,spotify:artist:58lV9VcRSjABbAbfWS6skp
667,Justice (The Complete Edition),spotify:album:3uPnO1aZBwMgWK1DI5zve9,Justin Bieber,spotify:artist:1uNFoZAHBGtllmzznpCI3s
669,Justice (Triple Chucks Deluxe),spotify:album:6mzpIm84OXCBxw6Tuhp1OA,Justin Bieber,spotify:artist:1uNFoZAHBGtllmzznpCI3s
670,Heartland,spotify:album:2nql9JNzuckFQR2DAGTzO0,Nelly,spotify:artist:2gBjLmx6zQnFGQJCAQpRgw
672,Country Grammar (Live),spotify:album:3W0gqtqM9GwO75k6nbkZ2X,Nelly,spotify:artist:2gBjLmx6zQnFGQJCAQpRgw
673,Modo Avión,spotify:album:7GUGpSBpdK6cJmWO3KdA7r,Dalex,spotify:artist:0KPX4Ucy9dk82uj4GpKesn
674,Rich Music Sessions (Acústico En Vivo),spotify:album:6jU5obP9snCcR57UjL9byA,Rich Music LTD,spotify:artist:2kqUKsTuEj1lPbm6BSn1AU
675,The Academy,spotify:album:1faqBAWocW4ZOe0OFjudGw,Rich Music LTD,spotify:artist:2kqUKsTuEj1lPbm6BSn1AU
676,InnerSpeaker (10 Year Anniversary Edition),spotify:album:65BL1WmHblGCNmhzfgYEyD,Tame Impala,spotify:artist:5INjqkS1o8h1imAzPqGZBb
677,The Slow Rush,spotify:album:31qVWUdRrlb8thMvts0yYL,Tame Impala,spotify:artist:5INjqkS1o8h1imAzPqGZBb
678,Currents,spotify:album:79dL7FLiJFOO0EoehUHQBv,Tame Impala,spotify:artist:5INjqkS1o8h1imAzPqGZBb
679,Sunshine Kitty (Paw Prints Edition),spotify:album:48I4Jtcqu5K5jZWadn035d,Tove Lo,spotify:artist:4NHQUGzhtTLFvgF5SZesLK
680,Sunshine Kitty,spotify:album:5kaCqETtik8oE7M9D8wxrW,Tove Lo,spotify:artist:4NHQUGzhtTLFvgF5SZesLK
681,BLUE LIPS (lady wood phase II),spotify:album:6jggnLM3SdDnjQ3GWmIZ4L,Tove Lo,spotify:artist:4NHQUGzhtTLFvgF5SZesLK
682,4:44,spotify:album:7GoZNNb7Yl74fpk8Z6I2cv,JAY-Z,spotify:artist:3nFkdlSjzX9mRTtwJOzDYB
684,Magna Carta... Holy Grail,spotify:album:4gbrbyveJFkuLH6B5w93JH,JAY-Z,spotify:artist:3nFkdlSjzX9mRTtwJOzDYB
685,III,spotify:album:5DIgFG1fM76vmNYlvfv2JJ,The Lumineers,spotify:artist:16oZKvXb6WkQlVAjwo2Wbg
687,Cleopatra,spotify:album:5y1YWb4OONEGbxZQLRNUwO,The Lumineers,spotify:artist:16oZKvXb6WkQlVAjwo2Wbg
688,When You See Yourself,spotify:album:5mi6IbVDNVKpOO702ejPn6,Kings of Leon,spotify:artist:2qk9voo8llSGYcZ6xrBzKx
689,WALLS,spotify:album:08ibdX8K0GETv20UEku3sm,Kings of Leon,spotify:artist:2qk9voo8llSGYcZ6xrBzKx
690,Mechanical Bull (Expanded Edition),spotify:album:0cRJKK0y1sfZEqWub4dK9v,Kings of Leon,spotify:artist:2qk9voo8llSGYcZ6xrBzKx
691,Buy Dirt,spotify:album:2y9DFhTWC7QQJMvygK0TzO,Jordan Davis,spotify:artist:77kULmXAQ6vWer7IIHdGzI
692,Home State,spotify:album:3CXa4AY5Rt4kymz1vW90WR,Jordan Davis,spotify:artist:77kULmXAQ6vWer7IIHdGzI
694,Sunsets & Full Moons,spotify:album:4BSDAmxxjYJnePMfh8kSJM,The Script,spotify:artist:3AQRLZ9PuTAozP28Skbq8V
695,Freedom Child,spotify:album:3W9NClLDhTHyRmy8ZLfoJf,The Script,spotify:artist:3AQRLZ9PuTAozP28Skbq8V
700,A Decade of Destruction Vol. 2,spotify:album:7IohthhlKo2iY7hLnFNbbb,Five Finger Death Punch,spotify:artist:5t28BP42x2axFnqOOMg3CM
701,"A Decade of Destruction, Vol.2",spotify:album:1a1WAQEoebVlvCWng0k3fG,Five Finger Death Punch,spotify:artist:5t28BP42x2axFnqOOMg3CM
706,Destined 2 Win,spotify:album:3mseemmNsNvbafLKJIhjbk,Lil Tjay,spotify:artist:6jGMq4yGs7aQzuGsMgVgZR
709,"2K20, Pt. 3 (Live)",spotify:album:4VRebE7OlgjE896hS92gjo,Daddy Yankee,spotify:artist:4VMYDCV2IEDYJArk749S6m
710,"2K20, Pt. 2 (Live)",spotify:album:0CDLQ6cxLj0UydmFX394VL,Daddy Yankee,spotify:artist:4VMYDCV2IEDYJArk749S6m
711,"2K20, Pt. 1 (Live)",spotify:album:0N091826fEGbqVB1NnKguC,Daddy Yankee,spotify:artist:4VMYDCV2IEDYJArk749S6m
712,Look For The Good (Deluxe Edition),spotify:album:2KRilDRNGoK60NM5gXfF63,Jason Mraz,spotify:artist:4phGZZrJZRo4ElhRtViYdl
714,Look For The Good,spotify:album:1PuBipBX8qqeUN3FOPIexs,Jason Mraz,spotify:artist:4phGZZrJZRo4ElhRtViYdl
715,Something for Thee Hotties,spotify:album:6B26OzQRObxAp1tbf8jeTq,Megan Thee Stallion,spotify:artist:181bsRPaVXVlUKXrxwZfHK
716,Good News,spotify:album:0KjckH1EE6HRRurMIXSc0r,Megan Thee Stallion,spotify:artist:181bsRPaVXVlUKXrxwZfHK
718,High As Hope,spotify:album:0pKZJj9GzcKPCS8r4IaksA,Florence + The Machine,spotify:artist:1moxjboGR7GNWYIMWsRjgG
720,"How Big, How Blue, How Beautiful",spotify:album:2btszoya78vyT8fwelmVnz,Florence + The Machine,spotify:artist:1moxjboGR7GNWYIMWsRjgG
721,Glee Love Songs,spotify:album:4uVAKNNrI7a5upMB59DL0K,Glee Cast,spotify:artist:0SCbttzoZTnLFebDYmAWCm
722,"Glee: The Music, What the World Needs Now is Love",spotify:album:15hTxxFB1ZGlpFdzk2c1Hw,Glee Cast,spotify:artist:0SCbttzoZTnLFebDYmAWCm
723,"Glee: The Music, The Untitled Rachel Berry Project",spotify:album:2ddVNfqK3HzPTODYbhMRUh,Glee Cast,spotify:artist:0SCbttzoZTnLFebDYmAWCm
727,Los No Tan Tristes (Álbum),spotify:album:2z1eY7EHl7VGDaDdyEW1LM,Nanpa Básico,spotify:artist:1cUpGtXcSQsovNYEZOQgOG
728,"444 Paradise ""Encerrado, No Enterrado""",spotify:album:1mdbJt88iwqkl0zEMGA8XH,Gera MX,spotify:artist:2hejA1Dkf8v8R0koF44FvW
729,El Vicio y la Fama,spotify:album:20q5j9oFR1Ax38kogUuGiq,Gera MX,spotify:artist:2hejA1Dkf8v8R0koF44FvW
733,Homerun,spotify:album:0qJkFmVwwNXP6fvSemDZqn,Paulo Londra,spotify:artist:3vQ0GE3mI0dAaxIMYe5g7z
734,Party (feat. A Boogie Wit da Hoodie),spotify:album:2ce9XFj7OA3f78oO5XFFhV,Paulo Londra,spotify:artist:3vQ0GE3mI0dAaxIMYe5g7z
735,Nothing On You (feat. Paulo Londra & Dave),spotify:album:0kHdDpkkSlesh2UMKhF20G,Ed Sheeran,spotify:artist:6eUKZXaKkcviH0Ku9w2n3V
736,Live From Red Rocks,spotify:album:2q1WacLvjOnffRIbzbL6Px,Nickelback,spotify:artist:6deZN1bslXzeGvOLaLMOIF
737,All The Right Reasons (15th Anniversary Expanded Edition),spotify:album:4K5IkS5AOfVglm77crffpi,Nickelback,spotify:artist:6deZN1bslXzeGvOLaLMOIF
739,La Última Promesa,spotify:album:4AHHM76jyqUiC1HRd37ZQQ,Justin Quiles,spotify:artist:14zUHaJZo1mnYtn6IBRaRP
740,Realidad,spotify:album:1OOSq9FkFZ7GcIpaJr9dYL,Justin Quiles,spotify:artist:14zUHaJZo1mnYtn6IBRaRP
741,Realidad (Commentary),spotify:album:75fh1igZrAiPEeGd69Jhnq,Justin Quiles,spotify:artist:14zUHaJZo1mnYtn6IBRaRP
742,Whole Lotta Red,spotify:album:2QRedhP5RmKJiJ1i8VgDGR,Playboi Carti,spotify:artist:699OTQXzgjhIYAHMy9RyPD
743,Die Lit,spotify:album:7dAm8ShwJLFm9SaJ6Yc58O,Playboi Carti,spotify:artist:699OTQXzgjhIYAHMy9RyPD
744,Playboi Carti,spotify:album:4rJgzzfFHAVFhCSt2P4I3j,Playboi Carti,spotify:artist:699OTQXzgjhIYAHMy9RyPD
745,Live At Woodstock,spotify:album:56jhCxU4IQs54Od4ariSaY,Creedence Clearwater Revival,spotify:artist:3IYUhFvPQItj6xySrBmZkd
746,The Concert,spotify:album:61MgZIlIkgU1Fb4P9MUV2g,Creedence Clearwater Revival,spotify:artist:3IYUhFvPQItj6xySrBmZkd
747,Live In Europe,spotify:album:6s22OUJ3b1y5NRQ3BPZLZw,Creedence Clearwater Revival,spotify:artist:3IYUhFvPQItj6xySrBmZkd
748,Letter To You,spotify:album:5devPxQnSKVF2Ed0CVwQZh,Bruce Springsteen,spotify:artist:3eqjTLE0HfPfh78zjh6TqT
749,Western Stars - Songs From The Film,spotify:album:1V2AYh4idtsw2CYlJGZNro,Bruce Springsteen,spotify:artist:3eqjTLE0HfPfh78zjh6TqT
750,Western Stars,spotify:album:6BhqPpIgY83rqoZ2L78Lte,Bruce Springsteen,spotify:artist:3eqjTLE0HfPfh78zjh6TqT
754,It Was Good Until It Wasn't,spotify:album:6ROLwnmW9pOioLned0DaP3,Kehlani,spotify:artist:0cGUm45nv7Z6M6qdXYQGTX
756,While We Wait,spotify:album:73ZvpuYhKDr2FW4vlPsTpW,Kehlani,spotify:artist:0cGUm45nv7Z6M6qdXYQGTX
763,I Wish You Love: More From The Bodyguard,spotify:album:3qEUTNGTeDXwYwSl3v2hNV,Whitney Houston,spotify:artist:6XpaIBNiVzIetEPCWDvAFP
764,ライヴ・イン・ニューヨーク1991 (Live) [Remastered],spotify:album:2EBlHp48A15NFr4nFEbVK1,Whitney Houston,spotify:artist:6XpaIBNiVzIetEPCWDvAFP
765,Whitney Houston Live: Her Greatest Performances,spotify:album:36ofDpRRmMmSVVmsynRAs0,Whitney Houston,spotify:artist:6XpaIBNiVzIetEPCWDvAFP
766,RAMMSTEIN,spotify:album:1LoyJQVHPLHE3fCCS8Juek,Rammstein,spotify:artist:6wWVKhxIU2cEi0K81v7HvP
767,PARIS (LIVE),spotify:album:75kG9OU9FwAd4HQOLylOB1,Rammstein,spotify:artist:6wWVKhxIU2cEi0K81v7HvP
769,trip,spotify:album:0vC7eOkhy4vQVm36mPMvkC,Cro,spotify:artist:3utZ2yeQk0Z3BCOBWP7Vlu
770,BLESSED (feat. Capital Bra),spotify:album:6xvSmYOgt3ypV6HIJvXXqk,Cro,spotify:artist:3utZ2yeQk0Z3BCOBWP7Vlu
771,tru. (Deluxe Edition),spotify:album:4E7RXXUaKpkquRTcVUvdAg,Cro,spotify:artist:3utZ2yeQk0Z3BCOBWP7Vlu
772,Experiment Extended,spotify:album:4yf4bD1iM96hBH6aIc6SaF,Kane Brown,spotify:artist:3oSJ7TBVCWMDMiYjXNiCKE
773,Kane Brown (Deluxe Edition),spotify:album:4UoCJkoqgUmaWMiWifq4vp,Kane Brown,spotify:artist:3oSJ7TBVCWMDMiYjXNiCKE
774,Kane Brown,spotify:album:4hhvgHjPqUOAYkclDkhL2T,Kane Brown,spotify:artist:3oSJ7TBVCWMDMiYjXNiCKE
778,Chaaama,spotify:album:7c3OrNevQnYSjGRFAjz5C1,Zé Neto & Cristiano,spotify:artist:487N2T9nIPEHrlTZLL3SQs
779,Por Mais Beijos Ao Vivo (ao Vivo),spotify:album:1Yg3QTRv9IGAWeJQb7q8bT,Zé Neto & Cristiano,spotify:artist:487N2T9nIPEHrlTZLL3SQs
780,Esquece o Mundo Lá Fora,spotify:album:7hLEziYyQn3qFlW6asReQL,Zé Neto & Cristiano,spotify:artist:487N2T9nIPEHrlTZLL3SQs
781,Live At Wembley Arena,spotify:album:1mc8M9eR9ZIBxqWA2CA4Wo,ABBA,spotify:artist:0LcJLqbBmaGUft1e9Mm8HV
782,Thank You For The Music,spotify:album:3fG66EBBPGC0yBhpXQs8l8,ABBA,spotify:artist:0LcJLqbBmaGUft1e9Mm8HV
783,The Visitors,spotify:album:3JHZ83ohEBDLFQfbVfDHFh,ABBA,spotify:artist:0LcJLqbBmaGUft1e9Mm8HV
784,Mis Manos,spotify:album:1PuH88Md0tzB8UrnBfboJA,Camilo,spotify:artist:28gNT5KBp7IjEOQoevXf9N
785,Por Primera Vez,spotify:album:6xS6mQz1fQZ6eZE654J15I,Camilo,spotify:artist:28gNT5KBp7IjEOQoevXf9N
786,Índigo,spotify:album:1QtYnYj7SFX1EIqF6ALjaX,Camilo,spotify:artist:28gNT5KBp7IjEOQoevXf9N
787,Tell It To My Heart,spotify:album:27rVuwJ0g0eKRpnvEhQl3G,MEDUZA,spotify:artist:0xRXCcSX89eobfrshSVdyu
788,Bad Habits (MEDUZA Remix),spotify:album:38edZgwJyFnDjrtqX2lU44,Ed Sheeran,spotify:artist:6eUKZXaKkcviH0Ku9w2n3V
790,El Amor En Los Tiempos Del Perreo,spotify:album:4ARUAVQnIDB02yVO8uvaJE,Piso 21,spotify:artist:4bw2Am3p9ji3mYsXNXtQcd
791,Canciones Que Nos Marcaron,spotify:album:4zVuDqFVwkY9sFsqvMjYvw,Piso 21,spotify:artist:4bw2Am3p9ji3mYsXNXtQcd
792,Ubuntu,spotify:album:0sGGdQF7f03jwgaD9qhtUQ,Piso 21,spotify:artist:4bw2Am3p9ji3mYsXNXtQcd
793,The Black Parade / Living with Ghosts (The 10th Anniversary Edition),spotify:album:29mlJg2PpuihKDNYZalIxw,My Chemical Romance,spotify:artist:7FBcuc1gsnv6Y1nwFtNRCb
794,May Death Never Stop You,spotify:album:1SIpLwZu1R69coxKMH06kw,My Chemical Romance,spotify:artist:7FBcuc1gsnv6Y1nwFtNRCb
796,Quiero Rumba,spotify:album:15J3TzxHYeLpBDJeZ6UXF9,Dímelo Flow,spotify:artist:3fZk3Gm5dN5v5yfYMQ04Bx
797,MMC,spotify:album:6PFzOuphApnB6DBJT6Tw8M,Dímelo Flow,spotify:artist:3fZk3Gm5dN5v5yfYMQ04Bx
798,Se Le Ve,spotify:album:5Jx8mw0p0lG63WqxHqim0s,Dímelo Flow,spotify:artist:3fZk3Gm5dN5v5yfYMQ04Bx
799,Studying Abroad: Extended Stay,spotify:album:1S0yIZRDiFmqCQyTIEV175,Masego,spotify:artist:3ycxRkcZ67ALN3GQJ57Vig
800,Lady Lady,spotify:album:2wqG59dVVQlJaxoO7N0LJt,Masego,spotify:artist:3ycxRkcZ67ALN3GQJ57Vig
801,Loose Thoughts,spotify:album:5U2hIEObpi8FOApxIeaJdD,Masego,spotify:artist:3ycxRkcZ67ALN3GQJ57Vig
802,TINI TINI TINI,spotify:album:16TT0OKoyEgD22nj70WUEi,TINI,spotify:artist:7vXDAI8JwjW531ouMGbfcp
803,Quiero Volver,spotify:album:2RuYsBRCgFEantZkX83W2Y,TINI,spotify:artist:7vXDAI8JwjW531ouMGbfcp
804,TINI (Martina Stoessel),spotify:album:61gTyHazZlTR61845Icypk,TINI,spotify:artist:7vXDAI8JwjW531ouMGbfcp
808,POST HUMAN: SURVIVAL HORROR,spotify:album:0e1WaSNDZnoPixaxDNdWo4,Bring Me The Horizon,spotify:artist:1Ffb6ejR6Fe5IamqA5oRUF
811,Electric Light,spotify:album:08cprzGPjtLDvKMwtQh93R,James Bay,spotify:artist:4EzkuveR9pLvDVFNx6foYD
812,Chaos And The Calm,spotify:album:179WxR0B7gcs1ZjOPLLsAp,James Bay,spotify:artist:4EzkuveR9pLvDVFNx6foYD
814,Country Again (Side A),spotify:album:3W2BTPUHJX51hweWPNRenv,Thomas Rhett,spotify:artist:6x2LnllRG5uGarZMsD4iO8
815,Center Point Road,spotify:album:5gnWhEFNbtCn0RLG2cp90g,Thomas Rhett,spotify:artist:6x2LnllRG5uGarZMsD4iO8
816,Center Point Road (Big Machine Radio Release Special),spotify:album:5tvQOKncGjKsANj0cohRJJ,Thomas Rhett,spotify:artist:6x2LnllRG5uGarZMsD4iO8
817,Imagination & the Misfit Kid,spotify:album:0FSsRH1jeZqKbGcHwq3UO0,Labrinth,spotify:artist:2feDdbD5araYcm6JhFHHw7
819,Euphoria (Original Score from the HBO Series),spotify:album:788r22Bhr3IHLTNPy8pZea,Labrinth,spotify:artist:2feDdbD5araYcm6JhFHHw7
820,Live at Red Rocks Amphitheatre,spotify:album:1MwjyglVEuJgJdYd0nHUKH,Vance Joy,spotify:artist:10exVja0key0uqUkk6LJRT
822,Nation of Two,spotify:album:5f6Eu9QtujgGggq5qbbycV,Vance Joy,spotify:artist:10exVja0key0uqUkk6LJRT
823,Merry Christmas Lil Mama: The Gift That Keeps On Giving,spotify:album:2w78Cx36U8NynXOR6GFB03,Chance the Rapper,spotify:artist:1anyVhU62p31KFi8MEzkbf
825,MIH-TY,spotify:album:16rRmI5wxWWO5dnRWUKCPA,MihTy,spotify:artist:3UrWALysNWwb24BnlAzSwm
826,Ao Vivo No Ibirapuera,spotify:album:5ExfGmxdqydd3vgdLdRR8f,Henrique & Juliano,spotify:artist:3p7PcrEHaaKLJnPUGOtRlT
827,Menos É Mais (Ao Vivo),spotify:album:6iGvvnauoKKjkutnB2b7lB,Henrique & Juliano,spotify:artist:3p7PcrEHaaKLJnPUGOtRlT
828,O Céu Explica Tudo (Ao Vivo),spotify:album:6UuPk9eKMZBEr0HizvV2Wy,Henrique & Juliano,spotify:artist:3p7PcrEHaaKLJnPUGOtRlT
832,When Christmas Comes Around...,spotify:album:5sVFXIMrFRKBtDOexVlBBU,Kelly Clarkson,spotify:artist:3BmGtnKgCSGYIUhmivXKWX
833,Meaning of Life,spotify:album:6GBu7GU6dztLYlZuUHiwA2,Kelly Clarkson,spotify:artist:3BmGtnKgCSGYIUhmivXKWX
834,Piece By Piece (Deluxe Version),spotify:album:2puALR81qCmKmbOyuHAI94,Kelly Clarkson,spotify:artist:3BmGtnKgCSGYIUhmivXKWX
835,Victory,spotify:album:6I32dRerwcm3jYRsprxb5k,Wisin,spotify:artist:3E6xrwgnVfYCrCs0ePERDz
836,Los Vaqueros: La Trilogía,spotify:album:7vUJAdvDYXhjf1p0P2yIxh,Wisin,spotify:artist:3E6xrwgnVfYCrCs0ePERDz
837,El Regreso del Sobreviviente,spotify:album:1V3jnaXPjTfuAyr9kYXBVr,Wisin,spotify:artist:3E6xrwgnVfYCrCs0ePERDz
838,Evolution (Deluxe Edition),spotify:album:1IpufqmucrxYUJQxf1AP0n,Disturbed,spotify:artist:3TOqt5oJwL9BE2NG9MEwDa
839,Evolution,spotify:album:0V73oq7XX0jQL8hd1EZWe4,Disturbed,spotify:artist:3TOqt5oJwL9BE2NG9MEwDa
840,Disturbed - Live at Red Rocks,spotify:album:4mCW6XUPY8bZxlEx6o6vlo,Disturbed,spotify:artist:3TOqt5oJwL9BE2NG9MEwDa
841,ライヴ・アット・ウッドストック・フェスティヴァル1994 (Live),spotify:album:6r2NotG03W2zBMhwKHAOtF,Aerosmith,spotify:artist:7Ey4PD4MYsKc5I2dolUwbH
842,ライヴ1975/1980 ~キング・ビスケット・フラワー・アワー~ (Live) [Remastered],spotify:album:48hFAR8aql1QHCJWNmYiUX,Aerosmith,spotify:artist:7Ey4PD4MYsKc5I2dolUwbH
843,Music From Another Dimension! (Expanded Edition),spotify:album:1nrDZQLT9EfFArdk9oSCxQ,Aerosmith,spotify:artist:7Ey4PD4MYsKc5I2dolUwbH
844,Only The Generals Part II,spotify:album:5hXRwN61ccZHJSdmsH3oAm,Kevin Gates,spotify:artist:1gPhS1zisyXr5dHTYZyiMe
845,I'm Him,spotify:album:3BAxkLFCkJEme67Z0ztMz3,Kevin Gates,spotify:artist:1gPhS1zisyXr5dHTYZyiMe
847,A.K.A. (Deluxe),spotify:album:5sgtN5B8rUr6nfUzJ4RRIk,Jennifer Lopez,spotify:artist:2DlGxzQSjYe5N6G9nkYghR
849,A.K.A.,spotify:album:5NWeIxuGuEBcADqB1Xh58y,Jennifer Lopez,spotify:artist:2DlGxzQSjYe5N6G9nkYghR
850,GEMINI,spotify:album:72qA6s4fjF8Y2VX1UDMfp2,Macklemore,spotify:artist:3JhNCzhSMTxs9WLGJJxWOY
853,Head Above Water,spotify:album:3FrkD0TTaXBuW19vuEhDGz,Avril Lavigne,spotify:artist:0p4nmQO2msCgU4IF37Wi3j
856,"i,i",spotify:album:0aldG5AoqOUDkEbsGtI9TW,Bon Iver,spotify:artist:4LEiUm1SRbFMgfqnQTwUbQ
857,"22, A Million",spotify:album:4bJCKmpKgti10f3ltz6LLl,Bon Iver,spotify:artist:4LEiUm1SRbFMgfqnQTwUbQ
858,Bon Iver,spotify:album:2LpfNj3vB5rOXfaawLcOBg,Bon Iver,spotify:artist:4LEiUm1SRbFMgfqnQTwUbQ
859,Unbothered (Deluxe),spotify:album:66GLiXR40lPbFF3vPc8YXX,Lil Skies,spotify:artist:7d3WFRME3vBY2cgoP38RDo
860,Unbothered,spotify:album:0Elwgwh70pJTeBPuer7wz0,Lil Skies,spotify:artist:7d3WFRME3vBY2cgoP38RDo
862,At The BBC,spotify:album:741JhzvIOudONDzRg6wuWJ,Amy Winehouse,spotify:artist:6Q192DXotxtaysaqNPy5yR
863,AMY (Original Motion Picture Soundtrack),spotify:album:5Fb59VtYjJNTXPcNGpoDU3,Amy Winehouse,spotify:artist:6Q192DXotxtaysaqNPy5yR
864,Lioness: Hidden Treasures,spotify:album:4xdRjOhY9NHmMpI7U3e2c3,Amy Winehouse,spotify:artist:6Q192DXotxtaysaqNPy5yR
865,Additional Singles & Rarities,spotify:album:0tprlYfYw9Y1fjq5SUFEQp,Stevie Wonder,spotify:artist:7guDJrEfX3qb6FEbdPA5qi
866,Mono Singles,spotify:album:7oMcO4p7P1JtJR2G1v2NoK,Stevie Wonder,spotify:artist:7guDJrEfX3qb6FEbdPA5qi
867,Remixes,spotify:album:0MHwfULQThhdhitVzHnyC4,Stevie Wonder,spotify:artist:7guDJrEfX3qb6FEbdPA5qi
868,Perfect World,spotify:album:17rk8h2IU4wwSFXw9j2uR6,TWICE,spotify:artist:7n2Ycct7Beij7Dj7meI4X0
870,Eyes wide open,spotify:album:77irgFZWRDU0jkUCYvLiua,TWICE,spotify:artist:7n2Ycct7Beij7Dj7meI4X0
871,Welcome to the Madhouse,spotify:album:2DH2wBlZHEBotWkQwKbwIb,Tones And I,spotify:artist:2NjfBq1NflQcKSeiDooVjY
872,Welcome To The Madhouse,spotify:album:5DVaT8HXcp9bbJh7p4dSpf,Tones And I,spotify:artist:2NjfBq1NflQcKSeiDooVjY
873,Welcome To The Madhouse (Deluxe),spotify:album:1AZjTOqvw2ZogWZxnDlhEN,Tones And I,spotify:artist:2NjfBq1NflQcKSeiDooVjY
874,War & Leisure,spotify:album:05LEST8E8mkEIl2LRfUkcI,Miguel,spotify:artist:360IAlyVv4PCEVjgyMZrxK
876,Spotify Sessions,spotify:album:6v1KAcOknj5z6QxMGh3mlY,Miguel,spotify:artist:360IAlyVv4PCEVjgyMZrxK
877,The Art and Soul of Dune (Companion Book Music),spotify:album:0FGr97xSOQLD596ZebfU1T,Hans Zimmer,spotify:artist:0YC192cP3KPCRWx8zr8MfZ
878,No Time To Die (Original Motion Picture Soundtrack),spotify:album:2xgi7tCocjnULdraqmheR1,Hans Zimmer,spotify:artist:0YC192cP3KPCRWx8zr8MfZ
879,Dune (Original Motion Picture Soundtrack),spotify:album:56k8ay5oE5apR61WIeE4wQ,Hans Zimmer,spotify:artist:0YC192cP3KPCRWx8zr8MfZ
880,DNA Japan Tour Edition,spotify:album:5NcfoVd9G3hlYqndAEjbrg,Backstreet Boys,spotify:artist:5rSXSAkZ67PYJSvpUpkOr7
881,DNA,spotify:album:4HZJNnV5iDunOXnmQyLqi5,Backstreet Boys,spotify:artist:5rSXSAkZ67PYJSvpUpkOr7
883,Just A Matter of Slime,spotify:album:0fvmq3jIMJpjHFDTZtjWtx,YNW Melly,spotify:artist:1cNDP5yjU5vjeR8qMf4grg
885,Melly vs. Melvin,spotify:album:5xq6RMHNIBA73qld03dR6V,YNW Melly,spotify:artist:1cNDP5yjU5vjeR8qMf4grg
886,Hecho En México (Edición Especial),spotify:album:5VRiykfzXrzfY84WE1rRxj,Alejandro Fernández,spotify:artist:6sq1yF0OZEWA4xoXVKW1L9
887,Siempre Enamorado - Éxitos Originales,spotify:album:6Snp0eZFcgMgzDdAzjm1M5,Alejandro Fernández,spotify:artist:6sq1yF0OZEWA4xoXVKW1L9
888,Hecho En México,spotify:album:6pbAg7ucQDM2j47aCaxpMI,Alejandro Fernández,spotify:artist:6sq1yF0OZEWA4xoXVKW1L9
889,Dangerous: The Double Album (Bonus),spotify:album:6LBPsXUjVuNe9ywLY4xgvX,Morgan Wallen,spotify:artist:4oUHIQIBe0LHzYfvXNW4QM
891,Dangerous: The Double Album,spotify:album:6JlCkqkqobGirPsaleJpFr,Morgan Wallen,spotify:artist:4oUHIQIBe0LHzYfvXNW4QM
892,The Butterfly Effect,spotify:album:1aWwR3GZfghKLUoMKapwiW,Fetty Wap,spotify:artist:6PXS4YHDkKvl1wkIl4V8DL
893,You Know The Vibes,spotify:album:2N0kxmM4FsbfDum01SMSJr,Fetty Wap,spotify:artist:6PXS4YHDkKvl1wkIl4V8DL
894,Trap & B,spotify:album:3NZWBye9WJwLcY3EJkg3WY,Fetty Wap,spotify:artist:6PXS4YHDkKvl1wkIl4V8DL
